SKU,NAME,PRICE,RETAIL_PRICE,WEIGHT,LENGTH,WIDTH,HEIGHT,QUANTITY,LASTUPDATE,LAST_QUANTITY_UPDATE,LAST_PRICE_UPDATE,LAST_PRICE_CHANGE,ITMGRP_NAME,CLASS1_NAME,CLASS2_NAME,BARCODE1
\,"Birthday Cake, Pink",1,1.99,0,0,0,0,0,11/23/2016,12/10/2009,2/23/2016,-0.05,FOOD,CAKES & PIES,NONE,7.17E+11
BYBGF1,Six Foot Hero Sandwich,7.5,15,0,0,0,0,3,9/19/2018,9/19/2018,3/20/2013,1,FOOD,SANDWICHES,NONE,
BYBGF20,Bowl Of Nuts with Nutcracker,5,10,0,0,0,0,7,3/15/2019,3/15/2019,11/14/2014,0,FOOD,SNACKS & DESERTS,NONE,
BYBJC23,Potato Pancakes with Sour Cream,3.75,7.5,0,0,0,0,0,2/7/2019,11/29/2011,3/3/2015,0,FOOD,DINNER,NONE,
BYBJC23A,Potato Pancakes with Apple Sauce,3.75,7.5,0,0,0,0,3,4/1/2019,4/1/2019,11/14/2014,0,FOOD,DINNER,NONE,
BYBJF10,Gefilte Fish Plate,3.5,7,0,0,0,0,3,12/7/2018,12/7/2018,11/14/2014,0,FOOD,SEAFOOD,NONE,
BYBJF11,Chopped Liver Plate,3.5,7,0,0,0,0,0,2/7/2019,2/2/2012,3/3/2015,0,FOOD,SEAFOOD,NONE,
BYBJF12,Bagel & Lox Plate,3.5,7,0,0,0,0,1,5/2/2019,5/2/2019,6/4/2015,0,FOOD,SEAFOOD,NONE,
BYBJF16,Bowl Of Chicken Soup,3.5,7,0,0,0,0,1,11/20/2018,11/20/2018,3/20/2013,-0.25,FOOD,SOUP,NONE,
BYBJF16A,Tureen Of Chicken Soup,3.75,7.5,0,0,0,0,2,12/12/2018,12/12/2018,11/14/2014,0,FOOD,SOUP,NONE,
BYBJF3,Jar Of Chicken Soup,3.5,7,0,0,0,0,0,10/2/2016,5/31/2016,5/19/2016,0,FOOD,SOUP,NONE,
BYBJF6,Honey Cake,3.5,7,0,0,0,0,1,10/2/2016,10/1/2015,10/29/2011,1,FOOD,CAKES & PIES,NONE,
BYBJF7,Sponge Cake,3.5,7,0,0,0,0,0,10/20/2018,10/20/2018,10/2/2016,0,FOOD,CAKES & PIES,NONE,
BYBJNY3,Apples & Honey On Plate,4,8,0,0,0,0,1,9/5/2018,9/5/2018,11/14/2014,0,FOOD,FRUIT,NONE,
BYBJPO15A,Plate Of Fruit Slices,3.5,7,0,0,0,0,2,5/2/2019,5/2/2019,11/14/2014,0,FOOD,FRUIT,NONE,
BYBJPO3,Jar Of Matzah Balls,3.5,7,0,0,0,0,3,12/12/2018,12/12/2018,3/10/2016,0,FOOD,APPETIZERS,NONE,
BYBJPO4,Jar Of Gefilte Fish,3.5,7,0,0,0,0,3,12/12/2018,12/12/2018,3/31/2016,0,FOOD,SEAFOOD,NONE,
BYBJPO4A,Jar Of Horseradish,3.5,7,0,0,0,0,1,6/25/2016,6/25/2016,11/14/2014,0,FOOD,CONDIMENTS,NONE,
BYBS5,Scout Cookies,2.5,5,0,0,0,0,1,6/1/2018,2/2/2012,3/3/2015,0,FOOD,DESSERT,NONE,
CAR0018,Potatoes with Potato Peeler,1.75,3.5,0,0,0,0,3,4/1/2019,4/1/2019,2/20/2015,0,FOOD,VEGETABLES,NONE,
CAR0041,Celery Bunch,1.25,2.5,0,0,0,0,12,10/23/2018,10/23/2018,11/6/2014,0,FOOD,VEGETABLES,NONE,
CAR0044F,Corn On Cob/Flow Blue Kettle,4,8,0,0,0,0,0,4/17/2019,4/17/2019,3/31/2015,0,FOOD,VEGETABLES,NONE,
CAR0055,Cookie Dough On Cookie Sheet,1.5,3,0,0,0,0,4,4/1/2019,4/1/2019,11/8/2014,0,FOOD,BAKING,NONE,
CAR0078,Basket Of Corn,6,12,0,0,0,0,0,3/13/2019,3/13/2019,3/30/2017,-1.25,FOOD,VEGETABLES,NONE,
CAR0083,Rolling Pin with Dough,1,2,0,0,0,0,0,4/30/2019,4/30/2019,1/20/2015,0,FOOD,BAKING,NONE,
CAR0084,Apples In Flow Blue Pail,4.5,9,0,0,0,0,0,3/14/2019,3/14/2019,2/2/2016,-1,FOOD,FRUIT,NONE,
CAR0085,Tomatoes In Pan,3.5,7,0,0,0,0,0,3/13/2019,3/13/2019,2/20/2015,0,FOOD,VEGETABLES,NONE,
CAR0086,"Soup with Pan, Bowls & Spoons",3.75,7.5,0,0,0,0,2,3/4/2019,3/4/2019,12/13/2014,0,FOOD,SOUP,NONE,
CAR0087,Spaghetti In Colander with Pan & Access.,7.5,15,0,0,0,0,2,3/25/2019,3/25/2019,11/25/2014,0,FOOD,CAKES & PIES,NONE,
CAR0089,Cake On Plate with Fork Astd,1.75,3.5,0,0,0,0,1,1/11/2019,1/11/2019,1/20/2015,0,FOOD,CAKES & PIES,NONE,
CAR0090,Donuts On Stand Asst,3,6,0,0,0,0,0,4/2/2019,4/2/2019,5/13/2015,0,FOOD,DESSERT,NONE,
CAR0836,"Flour, Sug, Cof, Tea Canist Set W/Scoop, Flow Blue",6,12,0,0,0,0,4,4/30/2019,4/30/2019,8/28/2010,0,FOOD,BAKING,NONE,
CAR0837,"Oat, Barl, Bean, Pea Canist Set W/Scoop In Flow Bl",6,12,0,0,0,0,2,2/3/2017,2/3/2017,8/28/2010,0,FOOD,BAKING,NONE,
CAR0838,"Flour, Sug, Cof, Tea Canist Set W/Scoop, Flow Red",6,12,0,0,0,0,0,3/18/2019,3/18/2019,8/28/2010,0,FOOD,BAKING,NONE,
CAR0839,"Oat, Bl, Bn, Pea Canst Set Fl R",6,12,0,0,0,0,3,6/1/2018,4/10/2015,8/28/2010,0,FOOD,BAKING,NONE,
CAR0840,"Flour, Sug, Cof, Tea Canist Set W/Scoop, Flow Grn",6,12,0,0,0,0,5,3/28/2019,3/28/2019,8/28/2010,0,FOOD,BAKING,NONE,
CAR0841,"Oat, Bl, Bn, Pea Canst Set Fl G",6,12,0,0,0,0,3,6/1/2018,7/17/2015,8/28/2010,0,FOOD,BAKING,NONE,
CAR0842,Baking Set 4Pc Grey Graniteware,4.25,8.5,0,0,0,0,1,7/17/2018,7/17/2018,3/3/2015,0,FOOD,BAKING,NONE,
CAR0843,Loaf Of Bread In Gray Graniteware Pan,1.5,3,0,0,0,0,3,3/28/2019,3/28/2019,2/20/2015,0,FOOD,BREADS AND ROLLS,NONE,
CAR0848,Omelet with Pan & Spatula,2,4,0,0,0,0,0,3/18/2019,3/18/2019,12/9/2014,0,FOOD,BREAKFAST,NONE,
CAR0849,Bacon & Eggs with Pan & Spatula,3,6,0,0,0,0,6,4/8/2019,4/8/2019,11/8/2014,0,FOOD,BREAKFAST,NONE,
CAR0855,"Ice Cream Cone, 1 Pc, Ass'T Flavors",0.75,1.5,0,0,0,0,2,4/1/2019,4/1/2019,11/15/2014,0,FOOD,DESSERT,NONE,
CAR0875,"Apple Pie, Whole",1.25,2.5,0,0,0,0,0,4/1/2019,4/1/2019,9/18/2009,-2.5,FOOD,CAKES & PIES,NONE,
CAR0877,Pie Blueberry Whole,1.75,3.5,0,0,0,0,0,4/30/2019,4/30/2019,1/22/2015,0,FOOD,CAKES & PIES,NONE,
CAR0882,Piece Of Pie In Flow Blue Pie Pan,2,4,0,0,0,0,4,4/30/2019,4/30/2019,10/9/2015,0,FOOD,CAKES & PIES,NONE,
CAR0885,Pot Roast/Flow Blue Roasting Pan,5,10,0,0,0,0,0,10/2/2016,11/26/2013,10/2/2016,0,FOOD,DINNER,NONE,
CAR0886,Pot Roast In Silver Roaster,5,10,0,0,0,0,0,3/18/2019,3/18/2019,2/20/2015,0,FOOD,DINNER,NONE,
CAR0887,Chicken & Dressing/Flow Blue Roaster,5,10,0,0,0,0,0,10/2/2016,9/16/2016,1/22/2015,0,FOOD,DINNER,NONE,
CAR0889,Cookies/On Flow Blue Sheet,1.5,3,0,0,0,0,0,3/18/2019,3/18/2019,4/17/2015,0,FOOD,DESSERT,NONE,
CAR0898,Bread with Bread Board,3.75,7.5,0,0,0,0,3,2/11/2019,2/11/2019,2/16/2015,0,FOOD,BREADS AND ROLLS,NONE,
CAR0899,Easter Bread Ring On Stand,4,8,0,0,0,0,24,3/28/2019,3/28/2019,2/20/2015,0,FOOD,HOLIDAY,NONE,
CAR0900,Baked Beans In Kettle,2.75,5.5,0,0,0,0,12,4/30/2019,4/30/2019,5/13/2015,0,FOOD,MISC,NONE,
CAR0901,Chili In Pot,2.75,5.5,0,0,0,0,12,3/28/2019,3/28/2019,1/22/2015,0,FOOD,SOUP,NONE,
CAR0905,Macaroni Dinner with Pan & Accessories,3.5,7,0,0,0,0,2,9/22/2018,9/22/2018,1/7/2016,0,FOOD,DINNER,NONE,
CAR0910,Turkey On Platter,7,14,0,0,0,0,1,1/14/2019,1/14/2019,7/9/2016,0,FOOD,DINNER,NONE,
CAR0914,Baked Loaf Of Bread In Pan,1.5,3,0,0,0,0,10,4/30/2019,4/30/2019,11/8/2014,0,FOOD,BREADS AND ROLLS,NONE,
CAR0917,Hot Cross Buns On Plate,2,4,0,0,0,0,2,4/19/2019,4/19/2019,7/14/2018,-0.25,FOOD,BREADS AND ROLLS,NONE,
CAR0918,Cloverleaf Rolls In Pan,2,4,0,0,0,0,10,4/2/2019,4/2/2019,7/14/2018,-0.5,FOOD,BREADS AND ROLLS,NONE,
CAR0920,"Marshmallows, Squeezably Soft",0.5,1,0,0,0,0,3,3/25/2019,3/25/2019,2/20/2015,0,FOOD,CANDY,NONE,
CAR0922,"Bowl Of Aracuna Eggs, Asst Colors",2,4,0,0,0,0,0,5/31/2016,5/31/2016,5/19/2016,0,FOOD,VEGETABLES,NONE,
CAR0935R,Bread Rising In Flow Red Bowl,3,6,0,0,0,0,0,4/2/2019,4/2/2019,11/8/2014,0,FOOD,BREADS AND ROLLS,NONE,
CAR0978,Skillet Cornbread In Pan,1.75,3.5,0,0,0,0,9,4/30/2019,4/30/2019,3/28/2019,0.25,FOOD,BREADS AND ROLLS,NONE,
CAR0986,Bananna Bunch On Stand,2.5,5,0,0,0,0,3,4/1/2019,4/1/2019,12/2/2014,0,FOOD,FRUIT,NONE,
CAR0987,Bananna Partially Peeled,1.25,2.5,0,0,0,0,0,4/1/2019,4/1/2019,3/27/2015,0,FOOD,FRUIT,NONE,
CAR1196AP,Cheese Wedge with Grater,1.5,3,0,0,0,0,8,4/22/2019,4/22/2019,11/18/2014,0,FOOD,MISC,NONE,
CAR1237,Vegetables with Knife On Board,3.5,7,0,0,0,0,0,2/7/2019,4/9/2015,3/3/2015,0,FOOD,VEGETABLES,NONE,
CAR1315SM,Bag Of Flour with Scoop,1.5,3,0,0,0,0,16,4/2/2019,4/2/2019,3/28/2019,0.25,FOOD,BAKING,NONE,
CAR1316SM,Bag Of Sugar with Scoop,1.25,2.5,0,0,0,0,7,4/17/2019,4/17/2019,2/20/2015,0,FOOD,BAKING,NONE,
CAR1381,Eggs In Bowl with Shell,2.75,5.5,0,0,0,0,0,4/1/2019,4/1/2019,3/17/2015,0,FOOD,BAKING,NONE,
CAR1383,Gingerbread Men/Flow Cookie Sheet,2,4,0,0,0,0,7,3/28/2019,3/28/2019,11/8/2014,0,FOOD,HOLIDAY,NONE,
CAR1555,Cheesecake On Dish with Candlesticks,4.25,8.5,0,0,0,0,0,3/18/2019,3/18/2019,4/17/2015,0,FOOD,CAKES & PIES,NONE,
CAR1842,Patriotic Cupcakes With Flags On White Cake Stand,6.25,12.5,,,,,0,2/13/2014,3/6/2014,8/28/2010,0,FOOD,DESSERT,NONE,
CAR1843,"Single Patriot Cupcake W/Flag, Assrt Color Cups",1.5,3,,,,,0,2/13/2014,5/22/2014,8/28/2010,0,FOOD,DESSERT,NONE,
CAR8645,Popcorn In Bowl,2,4,0,0,0,0,2,4/5/2019,4/5/2019,8/2/2016,0,FOOD,SNACKS & DESERTS,NONE,
CAR8687,"Slice Of Pie Ala-Mode, Asstd.",1.75,3.5,0,0,0,0,12,3/28/2019,3/28/2019,2/20/2015,0,FOOD,CAKES & PIES,NONE,
CB083,4 Glass Quarts/Pints Preserves,8.25,16.5,0,0,0,0,27,1/4/2019,1/4/2019,10/18/2010,1.65,FOOD,FRUIT,NONE,7.50E+11
CB148,Morton Salts (3),2.25,4.5,0,0,0,0,12,4/17/2019,4/17/2019,10/18/2010,0.45,FOOD,MISC,NONE,7.50E+11
FCA1463,"French Bread,1Dz",7.5,15,0,0,0,0,0,10/2/2016,9/24/2015,3/21/2014,0.75,FOOD,BREADS AND ROLLS,NONE,
FCA1466,7 Assorted Bun,4.5,9,0,0,0,0,7,4/8/2019,4/8/2019,3/21/2014,1,FOOD,BREADS AND ROLLS,NONE,
FCA1467,".Twisted Roll, 1Dz",7.5,15,0,0,0,0,11,2/21/2019,2/21/2019,3/21/2014,1.5,FOOD,BREADS AND ROLLS,NONE,
FCA1468,"Baguette, 1Dz",7.5,15,0,0,0,0,4,12/6/2017,12/6/2017,3/21/2014,1.5,FOOD,BREADS AND ROLLS,NONE,
FCA1472,"Cauliflower, 6Pc",5,10,0,0,0,0,0,8/9/2016,8/9/2016,3/14/2013,1.25,FOOD,VEGETABLES,NONE,
FCA1478,"Chinese Cabbage, 6 Pc",5,10,,,,,0,2/13/2014,9/10/2010,3/14/2013,1.25,FOOD,VEGETABLES,NONE,
FCA1484,"Okra, 6Pc",4.8,9.6,0,0,0,0,3,5/12/2018,5/12/2018,3/14/2013,2.15,FOOD,VEGETABLES,NONE,
FCA1486,"Green Chili, 6Pc",4.8,9.6,0,0,0,0,12,11/3/2017,11/3/2017,3/14/2013,2.55,FOOD,VEGETABLES,NONE,
FCA1508,Banana Case,4.5,9,0,0,0,0,0,10/2/2016,4/13/2011,10/18/2010,0.22,FOOD,FRUIT,NONE,
FCA1509,Watermelon Case,4.5,9,0,0,0,0,0,10/2/2016,12/1/2015,10/18/2010,0.22,FOOD,FRUIT,NONE,
FCA1511,Pineapple Cases,4.5,9,0,0,0,0,0,10/2/2016,6/30/2010,10/18/2010,0.22,FOOD,FRUIT,NONE,
FCA1512,Papaya Case,4.5,9,0,0,0,0,0,10/2/2016,5/9/2014,10/18/2010,0.22,FOOD,FRUIT,NONE,
FCA1513,Case Of Oranges,4.5,9,0,0,0,0,8,3/25/2019,3/25/2019,10/18/2010,0.22,FOOD,FRUIT,NONE,
FCA1514,Peach Case,4.5,9,0,0,0,0,12,4/16/2019,4/16/2019,10/18/2010,0.22,FOOD,FRUIT,NONE,
FCA1515,Plum Case,4.5,9,0,0,0,0,0,10/2/2016,3/6/2014,10/18/2010,0.22,FOOD,FRUIT,NONE,
FCA1517,Kiwi Case,4.5,9,0,0,0,0,0,10/2/2016,4/5/2011,10/18/2010,0.22,FOOD,FRUIT,NONE,
FCA1521,Tomato Case,4.5,9,0,0,0,0,8,3/25/2019,3/25/2019,10/18/2010,0.22,FOOD,FRUIT,NONE,
FCA1718GN,Wedding Cake/2Pc,8,16,0,0,0,0,10,3/18/2019,3/18/2019,9/8/2011,-1,FOOD,CAKES & PIES,NONE,
FCA1719,"Wedding Cake, Small, 2Pc",8,16,0,0,0,0,1,4/23/2019,4/23/2019,10/18/2010,0.4,FOOD,CAKES & PIES,NONE,
FCA1724,Round Cake White  2Pcs,4.5,9,0,0,0,0,0,12/1/2016,12/1/2016,9/7/2012,-0.5,FOOD,CAKES & PIES,NONE,
FCA1728GN,Green Pumpkin Set Of 4,3.5,7,0,0,0,0,10,1/9/2019,1/9/2019,2/26/2011,0.5,FOOD,VEGETABLES,NONE,
FCA1919,".Traditional Apple Pie, 3Pc",9.25,18.5,0,0,0,0,3,4/1/2019,4/1/2019,2/26/2011,1,FOOD,CAKES & PIES,NONE,
FCA2000,"Orange Tart, 3Pcs",9.25,18.5,0,0,0,0,7,4/30/2019,4/30/2019,2/26/2011,1,FOOD,DESSERT,NONE,
FCA2065,"Grapefruit Custard, 3Pc",7.5,15,0,,,,0,2/13/2014,6/17/2014,2/26/2011,1.5,FOOD,DESSERT,NONE,
FCA2088,"Cabbage, 1 Dz",9.6,19.2,0,0,0,0,0,10/2/2016,3/31/2015,10/18/2010,0.48,FOOD,VEGETABLES,NONE,
FCA2260,Salad Tray,5.5,11,0,0,0,0,0,10/2/2016,5/9/2014,10/18/2010,0.27,FOOD,VEGETABLES,NONE,
FCA2441,Egg Party Tray,7.75,15.5,0,0,0,0,0,10/2/2016,3/8/2014,3/14/2013,1,FOOD,APPETIZERS,NONE,
FCA2445,Hot Dog /3Pcs,9,18,0,0,0,0,0,10/2/2016,5/19/2010,3/14/2013,2,FOOD,SANDWICHES,NONE,
FCA2486,"Watermelon, 6Pc",6,12,0,0,0,0,0,3/3/2017,3/3/2017,3/14/2013,2.25,FOOD,FRUIT,NONE,
FCA2487,Cabbages / 6Pc,7,14,0,0,0,0,0,10/2/2016,7/15/2014,3/14/2013,2,FOOD,VEGETABLES,NONE,
FCA2488,"Squash, 6Pc",6,12,0,0,0,0,7,6/29/2018,6/29/2018,3/14/2013,2.25,FOOD,VEGETABLES,NONE,
FCA2489,Pear 6Pcs,4.8,9.6,0,0,0,0,12,3/15/2019,3/15/2019,3/14/2013,1.8,FOOD,FRUIT,NONE,
FCA2490,"Orange, 6Pc",4.8,9.6,0,0,0,0,10,3/25/2019,3/25/2019,3/14/2013,1.8,FOOD,FRUIT,NONE,
FCA2491,Peach/6Pc,4.8,9.6,0,0,0,0,10,3/25/2019,3/25/2019,3/14/2013,1.8,FOOD,FRUIT,NONE,
FCA2492,"Tomato, 6 Pc",4.8,9.6,0,0,0,0,3,4/7/2017,4/7/2017,3/14/2013,2.55,FOOD,VEGETABLES,NONE,
FCA2493,"Prune, 6Pc",4.8,9.6,0,0,0,0,2,5/11/2017,5/11/2017,3/14/2013,1.8,FOOD,FRUIT,NONE,
FCA2494,"Strawberry, 6Pc",4.8,9.6,0,0,0,0,8,10/19/2018,10/19/2018,3/14/2013,2.55,FOOD,FRUIT,NONE,
FCA2495,White Radish/6Pcs,5,10,0,0,0,0,8,4/11/2017,4/11/2017,3/14/2013,2.75,FOOD,VEGETABLES,NONE,
FCA2496,"Turnip, 6 Pc",5,10,0,0,0,0,7,10/19/2018,10/19/2018,3/14/2013,2,FOOD,VEGETABLES,NONE,
FCA2575,"Ice Cream Cone, Set Of 5",6.5,13,0,0,0,0,9,12/31/2018,12/31/2018,2/26/2011,1,FOOD,DESSERT,NONE,
FCA2576,Salted Broiled Fish,4.5,9,0,,,,0,2/13/2014,12/5/2008,10/18/2010,0.22,FOOD,DINNER,NONE,
FCA2581,Clam Chowder Soup Set,6.5,13,0,0,0,0,7,2/19/2019,2/19/2019,10/18/2010,0.32,FOOD,SOUP,NONE,
FCA2588,Taco Preparation Set,10.5,21,,,,,0,2/13/2014,10/21/2014,10/18/2010,0.52,FOOD,DINNER,NONE,
FCA2603,Lemon Berry Set,9.5,19,0,0,0,0,0,10/2/2016,12/15/2014,10/18/2010,0.47,FOOD,DESSERT,NONE,
FCA2684,"Whole Kernel?ÿCorn, 3Pcs",3.25,6.5,0,0,0,0,0,4/6/2018,4/6/2018,6/20/2014,1,FOOD,VEGETABLES,NONE,
FCA2685,"Dole Pinapple Slices, 3Pc",3.25,6.5,0,,,,0,2/13/2014,5/8/2014,5/7/2013,0.5,FOOD,FRUIT,NONE,
FCA2686,"Sweet Pickle, 3Pc",6,12,0,0,0,0,10,4/22/2019,4/22/2019,2/26/2011,1,FOOD,VEGETABLES,NONE,
FCA2692,"Progresso Chicken Noodle Soup, 3Pc",3.25,6.5,0,0,0,0,0,10/30/2018,10/30/2018,5/7/2013,0.5,FOOD,SOUP,NONE,
FCA2694,Del Monte Fruit Cocktail/3Pcs,3.25,6.5,0,0,0,0,0,10/27/2017,10/27/2017,5/7/2013,0.5,FOOD,FRUIT,NONE,
FCA275,Grapes Basket/2Pcs,4,8,0,0,0,0,12,4/30/2019,4/30/2019,2/26/2011,0.5,FOOD,FRUIT,NONE,
FCA2822,El Torito Salsa/3Pc,6,12,0,0,0,0,0,9/18/2018,9/18/2018,2/26/2011,1,FOOD,APPETIZERS,NONE,
FCA2832,"Teddy Bear Cake, 2Pc",9,18,0,0,0,0,0,2/18/2016,2/18/2016,10/18/2010,0.45,FOOD,CAKES & PIES,NONE,
FCA2835,"Travelling Truck Cake, 2Pc",6,12,0,0,0,0,0,11/14/2014,11/14/2014,10/18/2010,0.3,FOOD,CAKES & PIES,NONE,
FCA2846,"Chocolate Chip Cookies, 4Pc",3,6,0,0,0,0,2,4/15/2019,4/15/2019,2/26/2011,1,FOOD,DESSERT,NONE,
FCA2851,"King Salmon Filet, 2 Trays",5,10,0,0,0,0,3,4/8/2019,4/8/2019,10/18/2010,0.25,FOOD,DINNER,NONE,
FCA2852,"Salmon Filet, 2 Trays",5,10,0,0,0,0,4,8/2/2018,8/2/2018,10/18/2010,0.25,FOOD,DINNER,NONE,
FCA2855,"Halibut Steak, 2 Trays",6,12,,,,,0,2/13/2014,12/5/2008,10/18/2010,0.3,FOOD,DINNER,NONE,
FCA2858,"Sole Filet, 2 Trays",5,10,,,,,0,2/13/2014,4/24/2009,10/18/2010,0.25,FOOD,DINNER,NONE,
FCA2866,".Clam, 2 Trays",6,12,0,0,0,0,2,5/3/2018,5/3/2018,10/18/2010,0.3,FOOD,APPETIZERS,NONE,
FCA2895BR,".2 Cafe Chairs, Brown",7.95,15.9,0,0,0,0,4,2/13/2019,11/29/2018,1/20/2015,-1,FOOD,OUTDOOR,SET PIECE,
FCA2922,"Assorted Cluster Cookies, 2Pc",7,14,0,0,0,0,0,5/24/2016,5/24/2016,9/7/2012,-1.5,FOOD,DESSERT,NONE,
FCA2933,"Vanilla Milk Shake, 2Pc",5.75,11.5,0,0,0,0,0,11/10/2016,11/10/2016,2/26/2011,1.75,FOOD,DESSERT,NONE,
FCA2937,.Fruit Cups,7,14,0,0,0,0,12,2/13/2019,1/30/2019,10/18/2010,0.35,FOOD,DESSERT,NONE,
FCA2944,"Hamburger And Fries, 1Pc",4.5,9,0,0,0,0,0,10/2/2016,8/10/2011,10/18/2010,0.22,FOOD,MISC,NONE,
FCA3075,"Assorted Squash, 11Pc",9.75,19.5,0,0,0,0,12,11/29/2018,11/29/2018,2/26/2011,2,FOOD,VEGETABLES,NONE,
FCA3255,"Cauliflower, 6Pc",6,12,0,0,0,0,0,3/22/2017,3/22/2017,2/26/2011,1.2,FOOD,VEGETABLES,NONE,
FCA3257,"Zuchini, 6Pc",4.8,9.6,0,0,0,0,12,12/31/2018,12/31/2018,3/14/2013,1.8,FOOD,VEGETABLES,NONE,
FCA3259,Green Onions/6Pc,6,12,0,0,0,0,1,10/2/2016,10/21/2014,3/14/2013,1.5,FOOD,VEGETABLES,NONE,
FCA3260,"Snap Peas, 6Pc",4.8,9.6,0,0,0,0,7,3/21/2018,3/21/2018,3/14/2013,3,FOOD,VEGETABLES,NONE,
FCA3262,"Onions,  6Pc",4.8,9.6,0,0,0,0,13,3/25/2019,3/25/2019,3/14/2013,1.8,FOOD,VEGETABLES,NONE,
FCA3263,"Green & Red Tomatoes, 6Pc",4.8,9.6,0,0,0,0,6,4/13/2018,4/13/2018,3/14/2013,1.8,FOOD,VEGETABLES,NONE,
FCA3265,"Red Chilies, 6Pc",4.8,9.6,0,0,0,0,1,3/22/2018,3/22/2018,3/14/2013,1.8,FOOD,VEGETABLES,NONE,
FCA3366GN,"Green Grapes, 6 Bunch",7.5,15,0,0,0,0,0,9/18/2018,9/18/2018,3/14/2013,2,FOOD,FRUIT,NONE,
FCA3366RD,"Red Grapes, 6 Bunch",7.5,15,0,0,0,0,0,5/13/2017,5/13/2017,3/14/2013,2,FOOD,FRUIT,NONE,
FCA3618,"Cake, 2Pc",7,14,0,0,0,0,0,10/2/2016,11/15/2011,10/18/2010,0.35,FOOD,CAKES & PIES,NONE,
FCA3621,"Cake, 2Pc",9,18,0,0,0,0,0,10/2/2016,8/28/2014,10/18/2010,0.45,FOOD,CAKES & PIES,NONE,
FCA3623,"Cake, 2Pc",7,14,,,,,0,2/13/2014,12/5/2008,10/18/2010,0.35,FOOD,CAKES & PIES,NONE,
FCA3625,"Cake, 2Pc",7,14,0,0,0,0,0,10/2/2016,12/15/2014,10/18/2010,0.35,FOOD,CAKES & PIES,NONE,
FCA3628,"Cake, 2Pc",7,14,0,0,0,0,0,10/2/2016,3/5/2016,10/18/2010,0.35,FOOD,CAKES & PIES,NONE,
FCA3630,"Cake, 2Pc",7,14,,,,,0,2/13/2014,12/15/2010,12/15/2010,0,FOOD,CAKES & PIES,NONE,
FCA3633,"Cake, 2Pc",7,14,0,0,0,0,0,10/2/2016,6/1/2016,10/18/2010,0.35,FOOD,CAKES & PIES,NONE,
FCA3639,"Cake, 2Pc",7,14,0,0,0,0,3,3/25/2019,3/25/2019,10/18/2010,0.35,FOOD,CAKES & PIES,NONE,
FCA3668,"Cake, 2Pc",5,10,0,0,0,0,0,10/2/2016,9/4/2013,10/18/2010,0.25,FOOD,CAKES & PIES,NONE,
FCA3674,"Cake, 2Pc",5,10,0,0,0,0,0,12/15/2014,12/15/2014,10/18/2010,0.25,FOOD,CAKES & PIES,NONE,
FCA3716,"Cake, 2Pcs",7,14,0,0,0,0,0,12/15/2014,12/15/2014,10/18/2010,0.35,FOOD,CAKES & PIES,NONE,
FCA3718,"Cake, 2Pcs",7,14,0,,,,0,2/13/2014,12/5/2008,10/18/2010,0.35,FOOD,CAKES & PIES,NONE,
FCA4374,Bread Basket,12,24,,,,,0,2/13/2014,10/31/2012,10/31/2012,0,FOOD,BREADS AND ROLLS,NONE,
FCA4375,Bread Basket,12,24,,,,,0,2/13/2014,10/31/2012,10/31/2012,0,FOOD,BREADS AND ROLLS,NONE,
FCA4376,Bread Basket,7,14,,,,,0,2/13/2014,10/31/2012,10/31/2012,0,FOOD,BREADS AND ROLLS,NONE,
FCA4377,Bread Basket,7,14,,,,,0,2/13/2014,10/31/2012,10/31/2012,0,FOOD,BREADS AND ROLLS,NONE,
FCA4378,Bread Basket,9,18,,,,,0,2/13/2014,10/31/2012,10/31/2012,0,FOOD,BREADS AND ROLLS,NONE,
FCA4379,Bread Basket,9,18,,,,,0,2/13/2014,10/31/2012,10/31/2012,0,FOOD,BREADS AND ROLLS,NONE,
FCA4380,Bread Basket,6,12,,,,,0,2/13/2014,10/31/2012,10/31/2012,0,FOOD,BREADS AND ROLLS,NONE,
FCA4382,Strawberry Shortcake,8,16,,,,,0,2/13/2014,10/31/2012,10/31/2012,0,FOOD,CAKES & PIES,NONE,
FCA4384,Berry Berry Short Cake,8,16,0,0,0,0,12,4/16/2019,4/16/2019,10/31/2012,0,FOOD,CAKES & PIES,NONE,
FCA4390,"Fruit Cake, 2 Pc/Set",12,24,,,,,0,2/13/2014,10/31/2012,10/31/2012,0,FOOD,CAKES & PIES,NONE,
FCJU1001,Roasted Ham,5,10,0,,,,0,2/13/2014,8/13/2010,10/18/2010,0.25,FOOD,DINNER,NONE,
FCJU1002,Ham And Fruits On Metal Tray,14,28,0,0,0,0,0,3/16/2016,3/16/2016,10/18/2010,0.7,FOOD,DINNER,NONE,
FCJU1004,.Roast Ham On Round Tray,10,20,0,0,0,0,6,2/13/2019,12/19/2018,10/18/2010,0.5,FOOD,DINNER,NONE,
FCJU1005,Ham On Cooking Pan,9.5,19,0,0,0,0,11,4/23/2019,4/23/2019,10/18/2010,0.47,FOOD,DINNER,NONE,
FCJU1006,Leg Of Lamb On Metal Tray,14.5,29,0,0,0,0,3,4/5/2019,4/5/2019,10/18/2010,0.72,FOOD,DINNER,NONE,
FCJU1007,Chicken with Fruits On Metal Tray,12.5,25,0,0,0,0,0,3/24/2017,3/24/2017,10/18/2010,0.62,FOOD,DINNER,NONE,
FCJU1009,.Turkey On Dish with Fruits,12,24,0,0,0,0,1,2/15/2019,2/15/2019,10/18/2010,0.6,FOOD,DINNER,NONE,
FCJU1012,Cheese & Crackers & Grapes,7,14,0,0,0,0,0,10/2/2016,3/27/2015,10/18/2010,0.35,FOOD,APPETIZERS,NONE,
FCJU1018,Lady Fingers On Glass Stand,8,16,0,0,0,0,0,12/6/2017,12/6/2017,10/18/2010,0.4,FOOD,DESSERT,NONE,
FCJU1019,Lady Fingers with  2 Dishes,15,30,0,0,0,0,2,11/3/2018,11/3/2018,10/18/2010,0.75,FOOD,DESSERT,NONE,
FCJU1020,Strawberry Cake with Hot Coco For Two,19,38,0,0,0,0,12,4/16/2019,4/16/2019,10/18/2010,0.95,FOOD,DESSERT,NONE,
FCJU1021,Chocolate & Vanilla Cake with 2 Dishes,12,24,0,0,0,0,11,1/2/2019,1/2/2019,10/18/2010,0.6,FOOD,CAKES & PIES,NONE,
FCJU1024,Lemon Tarts On Wooded Board,13,26,0,0,0,0,0,12/15/2014,12/15/2014,10/18/2010,0.65,FOOD,DESSERT,NONE,
FCJU1026,Strawberry Cake with 2 Dishes,12,24,0,0,0,0,0,3/16/2016,3/16/2016,10/18/2010,0.6,FOOD,CAKES & PIES,NONE,
FCJU1048,Sweets On Platter,8.5,17,0,,,,0,2/13/2014,12/5/2008,10/18/2010,0.42,FOOD,DESSERT,NONE,
FCJU1052,Assorted Fruit Tart & Cup Cakes,6.5,13,0,,,,0,2/13/2014,12/5/2008,10/18/2010,0.32,FOOD,DESSERT,NONE,
FCJU1053,Strawberry Cup Cakes,3.5,7,,,,,0,2/13/2014,7/26/2013,4/25/2012,0,FOOD,NONE,NONE,
FCJU1055,Toasta with Beers,11.5,23,0,0,0,0,0,1/7/2016,12/5/2008,10/18/2010,0.57,FOOD,APPETIZERS,NONE,
FCJU1059,Oyster Cocktail On Platter,9.5,19,,,,,0,2/13/2014,4/25/2012,4/25/2012,0,FOOD,NONE,NONE,
FCJU1061,Preparing Tostada,9.5,19,0,0,0,0,7,11/9/2018,11/9/2018,4/25/2012,0,FOOD,NONE,NONE,
FCJU1064,.Oyster & Shrimp Cocktail,9.5,19,0,0,0,0,2,3/13/2019,3/13/2019,4/25/2012,0,FOOD,NONE,NONE,
FCJU1078,Apple,4,8,,,,,0,2/13/2014,12/15/2010,12/15/2010,0,FOOD,FRUIT,NONE,
FCJU1079,Mouse Eating T-Bone,3,6,,,,,0,2/13/2014,4/28/2012,4/28/2012,0,FOOD,NONE,NONE,
FCJU1120,White Cake,7.5,15,,,,,0,2/13/2014,9/6/2012,10/18/2010,0.37,FOOD,CAKES & PIES,NONE,
FCJU1123,.Bread On Board,6.5,13,0,0,0,0,2,4/24/2019,4/24/2019,4/28/2012,0,FOOD,NONE,NONE,
FCJU1126,Tea For Two,7.5,15,0,0,0,0,8,4/24/2019,4/24/2019,4/28/2012,0,FOOD,NONE,NONE,
FCJU1128,Breads,6.5,13,,,,,0,2/13/2014,4/28/2012,4/28/2012,0,FOOD,NONE,NONE,
FCJU1129,Eggs In Basket,6.5,13,,,,,0,2/13/2014,4/28/2012,4/28/2012,0,FOOD,NONE,NONE,
FCLL1001,"Chocolate Lover, 2Pc",5,10,0,0,0,0,12,4/16/2019,4/16/2019,10/18/2010,0.25,FOOD,DESSERT,NONE,
FCLL1002,"Fruit Chocolate, 2Pc",5,10,0,,,,0,2/13/2014,12/5/2008,10/18/2010,0.25,FOOD,DESSERT,NONE,
FCLL1002SS,"Fruit Chocolate, 2 Pc 1/2",4,8,,,,,0,2/13/2014,10/31/2012,10/31/2012,0,FOOD,CAKES & PIES,NONE,
FCLL1003,"White Cake with Chocolate Bow, 2Pc",5,10,0,0,0,0,12,4/16/2019,4/16/2019,10/18/2010,0.25,FOOD,CAKES & PIES,NONE,
FCLL1003SS,"White Cake with Chocolate Bow, 2 Pc 1/2 Inch",4,8,0,0,0,0,0,1/7/2016,10/31/2012,10/31/2012,0,FOOD,CAKES & PIES,NONE,
FCLL1005,"Wh Cake  with Yw Roses, 2Pc",5,10,0,0,0,0,0,3/18/2019,3/18/2019,10/18/2010,0.25,FOOD,CAKES & PIES,NONE,
FCLL1005SS,"White Cake with Yellow Roses, 2 Pieces, 1/2 Inch Scale",4,8,0,0,0,0,12,4/16/2019,4/16/2019,10/31/2012,0,FOOD,CAKES & PIES,NONE,
FCLL1006,"Round White Cake with Pink Roses, 2 Pieces",5,10,0,0,0,0,7,3/26/2019,3/26/2019,10/18/2010,0.25,FOOD,CAKES & PIES,NONE,
FCLL1006SS,"Round White Cake with Pink Roses, 2 Pieces, 1/2 Inch Scale",5,10,0,0,0,0,9,4/23/2019,4/23/2019,10/31/2012,0,FOOD,CAKES & PIES,NONE,
FCLL1007,"Lady Finger Strawberry Cake, 2Pc",5,10,0,0,0,0,0,6/16/2016,6/16/2016,10/18/2010,0.25,FOOD,CAKES & PIES,NONE,
FCLL1008,"Lady Finger Strawberry Cake, Sm 2Pc",5,10,0,,,,0,2/13/2014,12/5/2008,10/18/2010,0.25,FOOD,CAKES & PIES,NONE,
FR11010,"Ice Cream Sundae, Chocolate",2,3.99,0,0,0,0,0,5/11/2018,4/14/2017,5/11/2018,-0.5,FOOD,DESSERT,NONE,
FR11131,".Big Berry Jelly, Filled",1.5,2.99,0,0,0,0,4,1/22/2019,1/22/2019,2/13/2014,0,FOOD,CONDIMENTS,NONE,7.26E+11
FR11139,".Oatmeal Box, Bowl, Oatmeal",2,3.99,0,0,0,0,1,4/12/2019,4/12/2019,2/13/2014,0,FOOD,BREAKFAST,NONE,7.26E+11
FR11185,Flour with Measuring Cup,2,3.99,0,0,0,0,0,5/15/2018,5/15/2018,2/13/2014,0,FOOD,MISC,NONE,7.26E+11
FR11187,Pizza Box with 4 Napkins,1.5,2.99,0,0,0,0,0,3/8/2019,3/8/2019,2/13/2014,0,FOOD,PIZZA,NONE,7.26E+11
FR11194,Peanut Butter & Jelly In Making,3.75,7.49,0,0,0,0,6,2/19/2019,2/19/2019,2/13/2014,0,FOOD,CONDIMENTS,NONE,7.17E+11
FR11302,"Premium Butter, 4 Sticks",1.5,2.99,0,0,0,0,0,6/21/2018,6/21/2018,2/13/2014,0,FOOD,CONDIMENTS,NONE,7.26E+11
FR21172,Hamburger On Bun,1.35,2.69,0,0,0,0,3,6/8/2018,6/8/2018,2/13/2014,0,FOOD,SANDWICHES,NONE,7.26E+11
FR40022,Gallon Jug Of Milk,1,1.99,0,0,0,0,0,4/1/2019,4/1/2019,3/15/2012,0.15,FOOD,SOUP,NONE,7.17E+11
FR40050,.Chocolate Cream Cookies,1,1.99,0,0,0,0,12,12/26/2018,6/27/2014,2/13/2014,0,FOOD,DESSERT,NONE,7.26E+11
FR40063,"Farmer Dan Vegetables,12",9,17.99,0,0,0,0,0,3/11/2019,3/11/2019,12/4/2014,0,FOOD,VEGETABLES,NONE,7.26E+11
FR40076,Vintage Asst Food,0.9,1.79,0,0,0,0,0,12/16/2017,12/16/2017,2/13/2014,0,FOOD,MISC,NONE,7.26E+11
FR40093,Grandpa'S Oats,1.25,2.49,0,0,0,0,6,3/25/2019,3/25/2019,2/13/2014,0,FOOD,BREAKFAST,NONE,7.26E+11
FR40096,.Vintage Cocokream Box,1,1.99,0,0,0,0,9,12/26/2018,11/22/2018,2/13/2014,0,FOOD,MISC,NONE,7.26E+11
FR40172,"Detergent Bottle, Orange",1,1.99,0,0,0,0,0,1/15/2019,1/18/2013,1/15/2019,0,FOOD,APPETIZERS,NONE,
FR40202,French Salad Dressing,1.25,2.49,0,0,0,0,6,5/11/2018,5/11/2018,2/13/2014,0,FOOD,CONDIMENTS,NONE,
FR40203,Italian Salad Dressing,1.25,2.49,0,0,0,0,2,4/1/2019,4/1/2019,2/13/2014,0,FOOD,CONDIMENTS,NONE,
FR40204,Ranch Salad Dressing,1.25,2.49,0,0,0,0,1,4/1/2019,4/1/2019,2/13/2014,0,FOOD,CONDIMENTS,NONE,
FR40239,.Ketchup Only,1,1.99,0,0,0,0,2,12/26/2018,5/30/2018,2/13/2014,0,FOOD,CONDIMENTS,NONE,7.26E+11
FR40245,Hot Dog In Bun,1.5,2.99,0,0,0,0,42,4/30/2019,4/30/2019,11/6/2014,0,FOOD,SANDWICHES,NONE,7.26E+11
FR40268,"Food Cans Set, Assorted, Set/12",9,17.99,0,0,0,0,0,11/10/2017,11/10/2017,2/13/2014,0,FOOD,GENERAL STORE,NONE,7.26E+11
FR40275,Large White Vinegar,1,1.99,0,0,0,0,3,6/19/2018,6/19/2018,2/13/2014,0,FOOD,CONDIMENTS,NONE,7.26E+11
FR40276,Large Cider Vinegar,1,1.99,0,0,0,0,4,6/21/2018,6/21/2018,2/13/2014,0,FOOD,CONDIMENTS,NONE,7.26E+11
FR40302,"Beer Mugs, White, 4pc",1.6,3.19,0,0,0,0,0,1/15/2019,11/4/2015,1/15/2019,0,FOOD,,,
FR40307,.Mustard Only,1,1.99,0,0,0,0,17,12/31/2018,12/31/2018,2/13/2014,0,FOOD,CONDIMENTS,NONE,
FR40435,Chocolate Bar,1,1.99,0,0,0,0,1,4/30/2019,4/30/2019,11/6/2014,0,FOOD,CANDY,NONE,7.17E+11
FR41837,"Black Pepper, 2",1.25,2.49,0,0,0,0,6,12/5/2018,12/5/2018,2/5/2011,-0.5,FOOD,CONDIMENTS,NONE,7.26E+11
FR54036,.Salsa,1,1.99,0,0,0,0,1,12/26/2018,11/27/2018,2/13/2014,0,FOOD,CONDIMENTS,NONE,
FR54042,".Select Baking Potatoes, Bag",1.75,3.49,0,0,0,0,1,12/26/2018,5/19/2015,2/13/2014,0,FOOD,VEGETABLES,NONE,
FR54047,"Bread, Peanut Butter, Jelly",4.5,8.99,0,0,0,0,1,8/14/2018,8/14/2018,2/13/2014,0,FOOD,SANDWICHES,NONE,7.26E+11
FR54112,"Egg Cartons, 2",1.75,3.49,0,0,0,0,3,1/4/2018,1/4/2018,2/13/2014,-1,FOOD,BREAKFAST,NONE,7.17E+11
FR54116,"White Bread, Squooshy!, 2",2.75,5.49,0,0,0,0,2,6/12/2018,6/12/2018,2/13/2014,0,FOOD,MISC,NONE,7.17E+11
FR54192,Egg Carton Filled with  Eggs,3.25,6.49,0,0,0,0,0,11/23/2016,7/8/2016,2/5/2011,1.5,FOOD,BREAKFAST,NONE,7.17E+11
FR54224,Town Square Potato Chips,1.25,2.49,0,0,0,0,3,6/29/2018,6/29/2018,7/13/2012,-0.25,FOOD,APPETIZERS,NONE,
FR55039,"Dairy Set, Milk, Butter, Egg",3.25,6.49,0,0,0,0,6,3/18/2019,3/18/2019,2/13/2014,0,FOOD,BREAKFAST,NONE,7.17E+11
FR55056,".Campfire Marshmallows, Bag",1.5,2.99,0,0,0,0,2,1/15/2019,1/15/2019,12/6/2011,0,FOOD,DESSERT,NONE,7.17E+11
FR60016,"Salad Dressing Set, 3",3.5,6.99,0,0,0,0,0,11/23/2016,11/15/2016,2/13/2014,0,FOOD,SALAD,NONE,7.17E+11
FR80164,"Cook'S Brand Kits, 10/Pk",3.75,7.49,0,0,0,0,0,4/12/2018,4/12/2018,4/12/2012,0,FOOD,GENERAL STORE,NONE,7.26E+11
FR80462,"Welcome Mat, Black",1.05,2.09,0,0,0,0,2,4/1/2019,4/1/2019,1/15/2019,0,FOOD,,,
HR43001,"Cola, 2 Liter",1.75,3.5,0,0,0,0,13,3/25/2019,3/25/2019,3/17/2015,-1.75,FOOD,,,
HR43006,"Diet Cola, 2 Liter",1.75,3.5,0,0,0,0,12,12/17/2018,12/5/2018,5/17/2017,-0.25,FOOD,,,
HR43007,"Mountain Dew, 2 Liter",1.75,3.5,0,0,0,0,0,3/26/2019,3/26/2019,3/17/2015,-1.75,FOOD,,,
HR51019,Baby Cereal,1,2,0,0,0,0,8,12/5/2018,12/5/2018,11/2/2010,0,FOOD,BABY,NONE,
HR51020,Baby Formula,1,2,0,0,0,0,7,4/22/2019,4/22/2019,11/2/2010,0,FOOD,BABY,NONE,
HR51055,Baby Food Set,3,6,0,0,0,0,0,3/29/2019,3/29/2019,11/2/2010,0,FOOD,BABY,NONE,
HR52008,Cod Liver Oil,1.5,3,0,0,0,0,0,4/15/2019,4/15/2019,10/4/2012,0.25,FOOD,CONDIMENTS,NONE,
HR52012,Brioschi,1.5,3,0,0,0,0,12,1/18/2019,1/18/2019,1/22/2014,0.25,FOOD,MISC,NONE,
HR54001,Hellmann's Mayonnaise,1.5,3,0,0,0,0,0,4/1/2019,4/1/2019,1/31/2012,0.25,FOOD,CONDIMENTS,NONE,
HR54002,Best Foods Mayonnaise,1.5,3,0,0,0,0,0,4/30/2019,4/30/2019,10/4/2012,0.25,FOOD,CONDIMENTS,NONE,
HR54005,Brie Package,0.5,1,0,0,0,0,0,4/3/2019,4/3/2019,12/23/2009,0,FOOD,MISC,NONE,
HR54017,Soy Sauce,1.5,3,0,0,0,0,0,4/30/2019,4/30/2019,3/1/2013,0.25,FOOD,CONDIMENTS,NONE,
HR54018,Currant Jelly,1.5,3,0,0,0,0,1,4/30/2019,4/30/2019,5/29/2013,0.25,FOOD,CONDIMENTS,NONE,
HR54019,Raspberry Preserves,1.5,3,0,0,0,0,2,11/2/2018,11/2/2018,2/6/2013,0.25,FOOD,CONDIMENTS,NONE,
HR54020,Strawberry Jam,1.5,3,0,0,0,0,5,1/14/2019,1/14/2019,5/16/2012,0.25,FOOD,CONDIMENTS,NONE,
HR54021,Mint Jelly,1.5,3,0,0,0,0,3,2/26/2019,2/26/2019,12/7/2012,0.25,FOOD,CONDIMENTS,NONE,
HR54022,Wild Honey,1.5,3,0,0,0,0,2,4/30/2019,4/30/2019,1/31/2012,0.25,FOOD,CONDIMENTS,NONE,
HR54023,Pure Honey,1.5,3,0,0,0,0,1,1/14/2019,1/14/2019,5/22/2012,0.25,FOOD,CONDIMENTS,NONE,
HR54026,.Dijon Mustard,1.5,3,0,0,0,0,1,2/26/2019,2/26/2019,12/7/2012,0.25,FOOD,CONDIMENTS,NONE,
HR54028,Black Strap Molasses,1.5,3,0,0,0,0,2,8/11/2018,8/11/2018,10/23/2014,0.25,FOOD,CONDIMENTS,NONE,
HR54036,Hot Taco Sauce,1.5,3,0,0,0,0,5,3/22/2019,3/22/2019,9/17/2013,0.25,FOOD,CONDIMENTS,NONE,
HR54042,Idaho Potatoes-Bag,1.75,3.5,0,0,0,0,4,1/11/2019,1/11/2019,12/4/2014,0,FOOD,VEGETABLES,NONE,
HR54044,Red Cooking Wine,1.5,3,0,0,0,0,6,3/29/2019,3/29/2019,3/28/2013,0.25,FOOD,CONDIMENTS,NONE,
HR54094,Lay's Potato Chips,1.75,3.5,0,0,0,0,5,4/19/2019,4/19/2019,5/16/2015,-1.75,FOOD,,,
HR54095,Lay's BBQ Chips,1.75,3.5,0,0,0,0,0,4/2/2019,4/2/2019,5/16/2015,-1.75,FOOD,,,
HR54096,Lay's Sour Cream and Onion Chips,1.75,3.5,0,0,0,0,0,10/1/2015,10/1/2015,10/1/2015,0,FOOD,,,
HR54098,Ruffles Potato Chips,1.75,3.5,0,0,0,0,2,4/22/2019,4/22/2019,3/17/2015,-1.75,FOOD,,,
HR54100,Lay's Cheetos Crunchy,1.75,3.5,0,0,0,0,0,4/2/2019,4/2/2019,10/1/2015,0,FOOD,,,
HR54101,Doritos,1.75,3.5,0,0,0,0,0,4/2/2019,4/2/2019,10/1/2015,0,FOOD,,,
HR54112,"Egg Carton, Pewter",1.5,3,0,0,0,0,6,2/7/2019,2/7/2019,12/23/2009,0,FOOD,BAKING,NONE,
HR54115,Aunt Jemima Grits,1.25,2.5,0,0,0,0,0,4/6/2016,4/6/2016,4/6/2016,0,FOOD,,,
HR54154,Balsamic Vinegar,1.5,3,0,0,0,0,4,3/7/2019,3/7/2019,7/21/2012,0.25,FOOD,CONDIMENTS,NONE,
HR54187,Ketchup,1.5,3,0,0,0,0,11,4/3/2019,4/3/2019,11/30/2011,0.5,FOOD,PIZZA,NONE,
HR54189,Blossom Honey,1.5,3,0,0,0,0,10,4/30/2019,4/30/2019,3/3/2012,0.25,FOOD,CONDIMENTS,NONE,
HR54192B,Blue Egg Carton- With Eggs,3.25,6.5,0,0,0,0,1,2/14/2018,2/14/2018,12/23/2009,0,FOOD,BAKING,NONE,
HR54192G,Green Egg Carton-With Eggs,3.25,6.5,0,0,0,0,6,12/5/2018,12/5/2018,12/23/2009,0,FOOD,BAKING,NONE,
HR54192P,Pink Egg Carton - With Eggs,3.25,6.5,0,0,0,0,0,1/15/2019,1/15/2019,12/23/2009,0,FOOD,BAKING,NONE,
HR54192W,White Egg Carton - With Eggs,3.25,6.5,0,0,0,0,3,11/30/2018,11/30/2018,12/23/2009,0,FOOD,BAKING,NONE,
HR54192Y,Yellow Egg Carton - With Eggs,3.25,6.5,0,0,0,0,3,11/18/2017,11/18/2017,12/23/2009,0,FOOD,BAKING,NONE,
HR54201,Wesson Vegetable Oil - 48Oz,1.5,3,0,0,0,0,0,4/30/2019,4/30/2019,5/22/2012,0,FOOD,BAKING,NONE,
HR54202,Wesson Corn Oil - 48Oz,1.5,3,0,0,0,0,1,4/30/2019,4/30/2019,5/22/2012,0,FOOD,BAKING,NONE,
HR54204,Wesson Vegetable Oil-1 Gal,1.5,3,0,0,0,0,7,2/28/2019,2/28/2019,7/21/2012,0.25,FOOD,BAKING,NONE,
HR54206,Wesson Sunflower Oil-1 Gallon,1.5,3,0,0,0,0,6,12/5/2018,12/5/2018,7/21/2012,0.25,FOOD,BAKING,NONE,
HR54207,Concord Grape Jelly,1.5,3,0,0,0,0,7,4/12/2019,4/12/2019,5/22/2012,0.25,FOOD,CONDIMENTS,NONE,
HR54209,Vegetable Shortening,1.5,3,0,0,0,0,6,12/18/2018,12/18/2018,5/22/2012,0.25,FOOD,BAKING,NONE,
HR54212,Stawberry Preserves,1.5,3,0,0,0,0,6,10/4/2018,10/4/2018,3/3/2012,0.25,FOOD,CONDIMENTS,NONE,
HR54214,Creamy Peanut Butter,1.5,3,0,0,0,0,10,2/28/2019,2/28/2019,11/2/2010,-0.25,FOOD,CONDIMENTS,NONE,
HR54215,Chunky Peanut Butter,1.5,3,0,0,0,0,4,2/26/2019,2/26/2019,12/23/2009,0,FOOD,CONDIMENTS,NONE,
HR54216,Donut Box -Empty,1.5,3,0,,,,0,2/13/2014,6/11/2010,,,FOOD,SNACKS & DESERTS,NONE,
HR54217,Donut Box-Filled,7,14,0,0,0,0,0,2/26/2019,2/26/2019,12/23/2009,-1,FOOD,SNACKS & DESERTS,NONE,
HR54226,Butter - 1 Lb. Box,1,2,0,0,0,0,9,4/12/2019,4/12/2019,12/23/2009,0,FOOD,CONDIMENTS,NONE,
HR54235,Best Flour,1.5,3,0,0,0,0,2,4/3/2019,4/3/2019,5/17/2017,-0.25,FOOD,BAKING,NONE,
HR54236,Granulated Sugar,1.5,3,0,0,0,0,0,4/30/2019,4/30/2019,8/31/2017,-0.25,FOOD,BAKING,NONE,
HR54237,Best Grits,1.25,2.5,0,0,0,0,2,3/6/2018,3/6/2018,9/17/2014,-0.25,FOOD,BREAKFAST,NONE,
HR54239,Cream Cheese Box,1,2,0,0,0,0,9,4/12/2019,4/12/2019,12/23/2009,0,FOOD,BAKING,NONE,
HR54240,Cheese Dip Jar,1.5,3,0,0,0,0,2,5/9/2017,5/9/2017,5/21/2016,-0.25,FOOD,SNACKS & DESERTS,NONE,
HR54241,Cheese Spread Box,1,2,0,0,0,0,6,3/29/2019,3/29/2019,12/23/2009,0,FOOD,SNACKS & DESERTS,NONE,
HR54242,"Cheese Set Of 3-Cream, Dip, Spread",3.5,7,0,0,0,0,2,8/7/2018,8/7/2018,1/5/2010,-3.5,FOOD,SNACKS & DESERTS,NONE,
HR54244,Beef Stew,1,2,0,0,0,0,6,1/11/2019,1/11/2019,12/23/2009,0,FOOD,SOUP,NONE,
HR54246,Aunt Mary'S Spaghetti & Meatballs -  Can,1,2,0,0,0,0,4,11/29/2018,11/29/2018,12/23/2009,0,FOOD,DINNER,NONE,
HR54247,Crown Confectioners Sugar,1,2,0,0,0,0,0,4/1/2019,4/1/2019,12/23/2009,0,FOOD,BAKING,NONE,
HR54248,Crown Light Brown Sugar,1,2,0,0,0,0,5,3/8/2019,3/8/2019,12/23/2009,0,FOOD,BAKING,NONE,
HR54252,Preserves & Jelly- Set Of 5,7.5,15,0,0,0,0,1,2/7/2018,2/7/2018,3/3/2012,2.5,FOOD,CONDIMENTS,NONE,
HR54253,Crisp Saltines,1,2,0,0,0,0,12,3/29/2019,3/29/2019,12/23/2009,0,FOOD,SNACKS & DESERTS,NONE,
HR54254,Butter Maide Shortbread Cookies - Box,1,2,0,0,0,0,2,12/5/2018,12/5/2018,12/23/2009,0,FOOD,SNACKS & DESERTS,NONE,
HR54257,Baking Soda,1,2,0,0,0,0,2,4/12/2019,4/12/2019,12/23/2009,0,FOOD,CONDIMENTS,NONE,
HR54261,Yellow Mustard,1.25,2.5,0,0,0,0,2,10/10/2017,10/10/2017,12/23/2009,0,FOOD,CONDIMENTS,NONE,
HR54262,Tostitos Salsa,1.5,3,0,0,0,0,11,3/29/2019,3/29/2019,5/7/2015,1,FOOD,CONDIMENTS,NONE,
HR54285,Ketchup & Mustard,3,6,0,0,0,0,5,4/1/2019,4/1/2019,2/7/2019,0.5,FOOD,,,
HR54324,Cheetos Puffs,1.75,3.5,0,0,0,0,6,4/2/2019,4/2/2019,10/9/2015,0,FOOD,,,
HR54327,"Measuring Cup, Filled with Water",1.5,3,0,0,0,0,8,9/1/2017,9/1/2017,10/1/2015,0,FOOD,,,
HR54328,"Measuring Cup, Filled with Milk",1.5,3,0,0,0,0,12,3/29/2019,3/29/2019,10/1/2015,0,FOOD,,,
HR54329,"Measuring Cup, Filled with Olive Oil",1.5,3,0,0,0,0,9,2/28/2019,2/28/2019,10/1/2015,0,FOOD,,,
HR54330,"Measuring Cup Set, Filled w/Water, Milk, Olive Oil",4.5,9,0,0,0,0,6,3/29/2019,3/29/2019,10/1/2015,0,FOOD,,,
HR54331,Measuring Cup with 1/2 Gallon Milk Bottle,2.75,5.5,0,0,0,0,6,9/18/2018,9/18/2018,10/1/2015,0,FOOD,,,
HR54332,Olive Oil with Filled Measuring Cup,3,6,0,0,0,0,0,3/8/2019,3/8/2019,10/1/2015,0,FOOD,,,
HR54333,Measuring Cup with White Vinegar,3,6,0,0,0,0,6,7/26/2018,7/26/2018,10/1/2015,0,FOOD,,,
HR55039,"Dairy Set- Milk, Butter, Egg Carton",3.5,7,0,0,0,0,10,4/2/2019,4/2/2019,12/23/2009,0,FOOD,BAKING,NONE,
HR55050,Aunt Mary'S Spaghetti Sauce,1.5,3,0,0,0,0,3,2/28/2017,2/28/2017,5/29/2013,0.25,FOOD,MISC,NONE,
HR55051,Iodized Salt,1.25,2.5,0,0,0,0,6,4/12/2019,4/12/2019,12/23/2017,-0.25,FOOD,CONDIMENTS,NONE,
HR55052,Fresh Laundry Bottle,1.5,3,0,0,0,0,9,9/1/2017,9/1/2017,5/17/2017,-0.5,FOOD,BREAKFAST,NONE,
HR55056,Campers Marshmallow Bag,1.5,3,0,0,0,0,9,2/28/2019,2/28/2019,12/23/2009,0,FOOD,SNACKS & DESERTS,NONE,
HR55057,Chocolate Bar,1,2,0,0,0,0,3,2/7/2019,2/7/2019,12/23/2009,0,FOOD,CANDY,NONE,
HR55059,Hot Pepper Sauce,1.5,3,0,0,0,0,15,4/3/2019,4/3/2019,5/22/2012,0.25,FOOD,CONDIMENTS,NONE,
HR55060,Gormet Steak Sauce,1.5,3,0,0,0,0,3,3/4/2019,3/4/2019,7/12/2013,0.25,FOOD,CONDIMENTS,NONE,
HR55063,Cooking Spray,1.5,3,0,0,0,0,2,3/8/2019,3/8/2019,9/15/2018,-0.25,FOOD,BAKING,NONE,
HR55068,"Cereal Set -1/2Gal Milk, 2 Cereal Boxes",3.25,6.5,0,0,0,0,3,2/7/2019,2/7/2019,9/17/2014,-0.5,FOOD,BREAKFAST,NONE,
HR55071,Cranberry Sauce-Can,1,2,0,0,0,0,8,2/7/2019,2/7/2019,11/18/2014,0,FOOD,CONDIMENTS,NONE,
HR55183,Tostitos,1.75,3.5,0,0,0,0,0,10/1/2015,10/1/2015,10/1/2015,0,FOOD,,,
HR57113,Hostess Mayonnaise,1.25,2.5,0,0,0,0,0,2/14/2015,2/14/2015,12/23/2009,0.25,FOOD,CONDIMENTS,NONE,
HR57116,Gray Bonnet Peaches (2Lb Can),1.25,2.5,0,0,0,0,12,3/29/2019,3/29/2019,12/6/2016,-0.25,FOOD,FRUIT,NONE,
HR57117,Farmers Pride Pumpkin (2Lb Can),1.25,2.5,0,0,0,0,9,4/22/2019,4/22/2019,10/1/2015,-0.25,FOOD,BAKING,NONE,
HR57118,Behrson Sauerkraut (2Lb Can),1,2,0,0,0,0,3,12/5/2018,12/5/2018,1/10/2015,0,FOOD,MISC,NONE,
HR57119,Defy The World Tomatoes (2Lb Can),1.25,2.5,0,0,0,0,6,4/3/2019,4/3/2019,10/1/2015,-0.25,FOOD,VEGETABLES,NONE,
HR57120,Yellowstone Sauerkraut (2Lb Can),1,2,0,0,0,0,3,4/12/2019,4/12/2019,10/2/2016,0,FOOD,VEGETABLES,NONE,
HR57122,Faultless Wax Beans (1Lb Can),1,2,0,0,0,0,6,11/3/2018,11/3/2018,12/23/2009,0.25,FOOD,VEGETABLES,NONE,
HR57123,Avondale Hominy (1Lb Can),1,2,0,0,0,0,6,7/4/2018,7/4/2018,12/23/2009,0.25,FOOD,VEGETABLES,NONE,
HR57128,Avondale Corn (1Lb Can),1,2,0,0,0,0,3,9/15/2018,9/15/2018,12/23/2009,0.25,FOOD,VEGETABLES,NONE,
HR57130,Honor Corn (1Lb Can),1,2,0,0,0,0,6,11/3/2018,11/3/2018,12/23/2009,0.25,FOOD,VEGETABLES,NONE,
HR57131,Atwater Sweet Potatoes (1Lb Can),1,2,0,0,0,0,6,12/5/2018,12/5/2018,12/23/2009,0.25,FOOD,VEGETABLES,NONE,
HR57132,Favorite Strawberries (1Lb Can),1,2,0,0,0,0,4,4/3/2019,4/3/2019,12/23/2009,0.25,FOOD,FRUIT,NONE,
HR57133,Behrson Pears ( 1 Lb Can),1,2,0,0,0,0,9,3/29/2019,3/29/2019,12/23/2009,0,FOOD,FRUIT,NONE,
HR57134,Delicious Elderberries (1 Lb Can ),1,2,0,0,0,0,0,4/2/2019,4/2/2019,12/23/2009,0,FOOD,FRUIT,NONE,
HR57136,Valley Queen Evaporated Milk (1Lb Can),1,2,0,0,0,0,12,3/29/2019,3/29/2019,12/23/2009,0,FOOD,BAKING,NONE,
IM65000,Filled Candy Cane Jar,1.85,3.7,0,0,0,0,222,4/2/2019,4/2/2019,11/7/2017,-0.2,FOOD,CANDY,NONE,7.32E+11
IM65020,Food Box Set/4,1.5,2.99,0,0,0,0,250,9/19/2018,9/19/2018,4/8/2015,-0.55,FOOD,MISC,NONE,7.32E+11
IM65027,Pull Toy Dog,1.5,2.99,0,0,0,0,228,4/30/2019,4/30/2019,10/29/2013,0,FOOD,,,7.32E+11
IM65048,"Garlic Bread, 4pc",0.75,1.49,0,0,0,0,250,11/23/2016,10/28/2012,12/10/2011,0.01,FOOD,BREADS AND ROLLS,NONE,7.32E+11
IM65061,"French Bread, 2/Pk",1.25,2.49,0,0,0,0,250,7/26/2018,7/24/2018,7/26/2018,-0.5,FOOD,BREADS AND ROLLS,NONE,7.32E+11
IM65091,"Donuts, 6Pk",1.65,3.29,0,0,0,0,250,11/23/2016,8/29/2015,9/26/2015,-0.15,FOOD,DESSERT,NONE,7.32E+11
IM65094,"Welcome Mat, Black",1.5,2.99,0,0,0,0,250,7/24/2018,7/24/2018,5/3/2014,0,FOOD,,,7.32E+11
IM65099,Sack Of Flour,0.75,1.5,0,0,0,0,250,4/3/2019,4/3/2019,6/18/2012,0.1,FOOD,GENERAL STORE,NONE,7.32E+11
IM65105,Pink Birthday Cake,1.1,2.19,0,0,0,0,227,4/22/2019,4/22/2019,2/2/2017,-0.1,FOOD,CAKES & PIES,NONE,7.32E+11
IM65111,"Welcome Mat, Ivory",1.5,2.99,0,0,0,0,89,4/11/2019,4/11/2019,5/3/2014,0,FOOD,,,7.32E+11
IM65126,Package of 5 Lollipops,1.1,2.19,0,0,0,0,211,3/25/2019,3/25/2019,10/28/2011,0.1,FOOD,CANDY,NONE,7.32E+11
IM65150,"Food Sacks, 2/Pk",0.65,1.29,0,0,0,0,250,11/23/2016,12/19/2013,12/10/2011,0.12,FOOD,GENERAL STORE,NONE,7.32E+11
IM65160,"Baking Supplies, 4pc",0.9,1.79,0,0,0,0,250,11/23/2016,9/19/2013,12/10/2011,0.01,FOOD,MISC,NONE,7.32E+11
IM65172,Chocolate Ice Cream & Milk,1.4,2.79,0,0,0,0,233,4/22/2019,4/22/2019,5/16/2015,-0.35,FOOD,DESSERT,NONE,7.32E+11
IM65183,".Wood Watermelon, 3Pk",1.2,2.39,0,0,0,0,250,2/6/2019,11/7/2017,10/15/2015,-0.05,FOOD,FRUIT,NONE,7.32E+11
IM65192,Blue Birthday Cake,1.1,2.19,0,0,0,0,206,4/15/2019,4/15/2019,2/2/2017,-0.1,FOOD,,,7.32E+11
IM65214,White Birthday Cake,1.1,2.19,0,0,0,0,250,2/2/2017,10/21/2015,2/2/2017,-0.1,FOOD,,,7.32E+11
IM65224,Yellow Birthday Cake,1.1,2.19,0,0,0,0,250,4/3/2019,4/3/2019,2/2/2017,-0.1,FOOD,,,7.32E+11
IM65225,"Bunch Of Grapes, Purple",0.8,1.59,0,0,0,0,4,4/30/2019,4/30/2019,12/10/2011,0.01,FOOD,FRUIT,NONE,7.32E+11
IM65226,"Fabric, Measuring Tape, Pattern/Scissors, Assorted",1,2,0,0,0,0,250,11/23/2016,6/22/2016,2/5/2016,0,FOOD,,,7.32E+11
IM65259,"Canister Set, 4 Piece - Ivory",2.65,5.29,0,0,0,0,250,11/23/2016,8/29/2015,11/4/2015,-0.4,FOOD,,,7.32E+11
IM65288,Pan with Eggs,1.1,2.19,0,0,0,0,249,3/25/2019,3/25/2019,4/17/2015,-0.1,FOOD,MISC,NONE,7.32E+11
IM65333,"Eggs, 6Pc",1,1.99,0,0,0,0,1,3/25/2019,3/25/2019,12/10/2011,0.05,FOOD,MISC,NONE,7.32E+11
IM65348,Round Christmas Tin with Candy,2,3.99,0,0,0,0,126,3/29/2019,3/29/2019,4/17/2015,-0.5,FOOD,CANDY,NONE,7.32E+11
IM65444,Blueberry Pie,1.3,2.59,0,0,0,0,250,7/24/2018,7/24/2018,6/10/2016,-0.15,FOOD,CAKES & PIES,NONE,7.32E+11
IM65451,Pumpkin Pie,1.3,2.59,0,0,0,0,190,3/29/2019,3/29/2019,6/10/2016,-0.1,FOOD,CAKES & PIES,NONE,7.32E+11
IM65454,"Tomatoes, 6Pc",1,1.99,0,0,0,0,250,4/3/2019,4/3/2019,12/10/2011,0.05,FOOD,VEGETABLES,NONE,7.32E+11
IM65474,Cherry Pie,1.3,2.59,0,0,0,0,195,4/23/2019,4/23/2019,6/10/2016,-0.05,FOOD,CAKES & PIES,NONE,7.32E+11
IM65478,"Food Cans, 6/Pc",2,3.99,0,0,0,0,250,11/23/2016,6/28/2014,6/22/2016,-0.5,FOOD,MISC,NONE,7.32E+11
IM65482,Donuts In White Box,2.5,4.99,0,0,0,0,250,7/26/2018,7/24/2018,7/26/2018,-0.5,FOOD,DESSERT,NONE,7.32E+11
IM65502,".Cantaloupe, 5Pc",2.05,4.09,0,0,0,0,209,3/25/2019,3/25/2019,12/10/2011,0.1,FOOD,FRUIT,NONE,7.32E+11
IM65503,"Corn, 6Pc",2.1,4.19,0,0,0,0,86,3/25/2019,3/25/2019,12/10/2011,-0.01,FOOD,VEGETABLES,NONE,7.32E+11
IM65504,"Pears, 6Pc",1.05,2.09,0,0,0,0,163,4/23/2019,4/23/2019,12/10/2011,0.05,FOOD,FRUIT,NONE,7.32E+11
IM65505,MP3 Player,1.65,3.29,0,0,0,0,250,11/23/2016,4/17/2015,4/17/2015,1.35,FOOD,,,7.32E+11
IM65506,"Green Apples, 6Pc",1,1.99,0,0,0,0,182,4/1/2019,4/1/2019,12/10/2011,0.05,FOOD,FRUIT,NONE,7.32E+11
IM65508,"Yellow Apples, 6Pc",1,1.99,0,0,0,0,250,4/3/2019,4/3/2019,12/10/2011,0.05,FOOD,FRUIT,NONE,7.32E+11
IM65509,"Slices Of Bread, 3Pc",0.7,1.39,0,0,0,0,180,4/30/2019,4/30/2019,12/10/2011,0.02,FOOD,BREADS AND ROLLS,NONE,7.32E+11
IM65510,"Chocolate Sandwich Cookie, 5Pk",1.5,2.99,0,0,0,0,56,3/29/2019,3/29/2019,6/18/2012,0.45,FOOD,DESSERT,NONE,7.32E+11
IM65511,.Cauliflower,0.9,1.8,0,0,0,0,112,3/25/2019,3/25/2019,6/22/2016,-0.3,FOOD,VEGETABLES,NONE,7.32E+11
IM66000,"(D2265D): Food Sacks, 6Pk",1.7,3.39,0,0,0,0,250,4/3/2019,4/3/2019,3/31/2012,0.1,FOOD,GENERAL STORE,NONE,7.32E+11
IM66345,"Country Store Grocery Cans, 24/Pk",2.4,4.79,0,0,0,0,80,5/2/2019,5/2/2019,5/30/2015,-0.4,FOOD,GENERAL STORE,NONE,7.32E+11
IM66350,"Country Store Grocery Tins, 24Pk",2.4,4.79,0,0,0,0,74,4/19/2019,4/19/2019,5/30/2015,-0.4,FOOD,GENERAL STORE,NONE,7.32E+11
MUL1303,Sack Of Oranges,2.25,4.5,0,0,0,0,48,5/2/2019,5/2/2019,11/20/2014,0,FOOD,FRUIT,NONE,7.50E+11
MUL1304,Sack Of Onions,2,3.99,0,0,0,0,0,1/29/2019,1/29/2019,5/1/2015,-0.35,FOOD,VEGETABLES,NONE,7.50E+11
MUL1305,Sack Of Potatoes,2,3.99,0,0,0,0,43,1/24/2019,1/24/2019,4/24/2013,0.35,FOOD,VEGETABLES,NONE,7.50E+11
MUL1813B,Jar Of Candy,1.5,3,0,0,0,0,36,4/30/2019,4/30/2019,7/24/2015,1.63,FOOD,CANDY,NONE,7.50E+11
MUL1813C,Jar Of Lollipops,2.65,5.3,0,0,0,0,0,1/14/2019,1/14/2019,12/5/2015,0,FOOD,CANDY,NONE,7.50E+11
MUL2069,Ice Cream Carton,2.25,4.5,0,0,0,0,1,5/2/2019,5/2/2019,2/11/2014,0.25,FOOD,DESSERT,NONE,7.50E+11
MUL2878,.Barrel Of Crackers,1.75,3.5,0,0,0,0,6,3/28/2019,3/28/2019,12/20/2014,0,FOOD,MISC,NONE,7.50E+11
MUL293,Jar Of Candy,1,1.99,0,0,0,0,57,5/2/2019,5/2/2019,11/18/2014,0,FOOD,CANDY,NONE,7.50E+11
MUL2976,Salt & Pepper,1.5,3,0,0,0,0,159,5/2/2019,5/2/2019,7/26/2013,0.15,FOOD,MISC,NONE,7.50E+11
MUL3096B,"Sundae, Filled",1.75,3.5,0,0,0,0,13,1/4/2019,1/4/2019,11/20/2014,0,FOOD,DESSERT,NONE,7.50E+11
MUL3253,Jar Of Honey,1.99,3.98,0,0,0,0,27,4/22/2019,4/22/2019,12/11/2014,0,FOOD,MISC,NONE,7.50E+11
MUL3289,Egg,0.5,1,0,0,0,0,16,5/2/2019,5/2/2019,1/18/2012,0.05,FOOD,MISC,NONE,7.50E+11
MUL3329,Jug Of Molasses,2.25,4.5,0,0,0,0,3,4/15/2019,4/15/2019,7/12/2014,0.25,FOOD,MISC,NONE,7.50E+11
MUL3371,Cherries,2.65,5.3,0,0,0,0,17,3/8/2019,3/8/2019,11/25/2014,0,FOOD,FRUIT,NONE,7.50E+11
MUL3372,Nuts,2.65,5.3,0,0,0,0,4,5/2/2019,5/2/2019,3/18/2015,0,FOOD,MISC,NONE,7.50E+11
MUL3387,Sardines Can,1.25,2.5,0,0,0,0,30,5/2/2019,5/2/2019,5/20/2014,0.55,FOOD,MISC,NONE,7.50E+11
MUL3608,Turkey,2.5,5,0,0,0,0,15,5/2/2019,5/2/2019,11/10/2014,0,FOOD,DINNER,NONE,7.50E+11
MUL3611,Carrots In Dish,1.85,3.7,0,0,0,0,5,4/8/2019,4/8/2019,6/1/2016,-0.1,FOOD,VEGETABLES,NONE,7.50E+11
MUL3710,Mashed Potatoes,2,3.99,0,0,0,0,42,1/11/2019,1/11/2019,7/22/2015,-0.5,FOOD,VEGETABLES,NONE,7.50E+11
MUL3782C,Cotton Candy,1.5,3,0,0,0,0,3,5/2/2019,5/2/2019,11/14/2013,0.25,FOOD,DESSERT,NONE,7.50E+11
MUL3783A,Candy Apples,3.05,6.1,0,0,0,0,1,5/2/2019,5/2/2019,7/24/2012,0.06,FOOD,DESSERT,NONE,7.50E+11
MUL3783B,Candy Apples with Nuts,3.13,6.25,0,0,0,0,16,4/19/2019,4/19/2019,8/2/2011,1.13,FOOD,DESSERT,NONE,7.50E+11
MUL3784,.Jar Of Sprinkles,2.65,5.3,0,0,0,0,5,4/17/2019,4/17/2019,12/11/2014,0,FOOD,CANDY,MISC,7.50E+11
MUL4970,Steak Sauce,1.1,2.2,0,0,0,0,8,1/29/2019,1/29/2019,1/6/2015,0,FOOD,MISC,NONE,7.50E+11
MUL5064,Jar Of Pasta,3,6,0,0,0,0,0,10/10/2018,10/10/2018,12/16/2014,0,FOOD,MISC,NONE,7.50E+11
NCRA0145,S/4 Food Boxes-Crackers,1.56,3.12,0,,,,0,2/13/2014,8/7/2014,,,FOOD,MISC,NONE,
NCRA0420,"Bowl Of Fruit, 1 Inch W",2.1,4.2,0,0,0,0,0,9/13/2018,5/16/2017,9/13/2018,-0.6,FOOD,FRUIT,NONE,
NCRR0215,"Green Beans, S/12",1.53,3.06,0,0,0,0,12,2/27/2019,2/27/2019,2/27/2019,0.16,FOOD,VEGETABLES,NONE,
NCRR0216,"Carrots, S/12",3.06,6.12,0,0,0,0,12,2/27/2019,2/27/2019,2/27/2019,0.33,FOOD,VEGETABLES,NONE,
NCRR0219,Cucumbers S/12,2.84,5.68,0,0,0,0,10,2/28/2019,2/28/2019,2/6/2019,0.3,FOOD,VEGETABLES,NONE,
NCRR0220,Tomatoes S/12,2.74,5.48,0,0,0,0,12,2/27/2019,2/27/2019,2/27/2019,0.3,FOOD,VEGETABLES,NONE,
NCRR0221,"Potatoes, S/12",2.11,4.22,0,0,0,0,12,2/27/2019,2/27/2019,2/27/2019,0.22,FOOD,VEGETABLES,NONE,
NCRR0229,Whole Cantaloupes S/12,4.73,9.46,0,0,0,0,10,2/27/2019,2/27/2019,2/27/2019,0.5,FOOD,FRUIT,NONE,
NCRR0230,Raw Steaks S/12,4.73,9.46,0,0,0,0,12,2/27/2019,2/27/2019,2/27/2019,1.48,FOOD,DINNER,NONE,
NCRR0234,"Peaches, S/12",2.33,4.66,0,0,0,0,0,3/7/2019,3/7/2019,2/6/2019,0.25,FOOD,FRUIT,NONE,
NCRR0236,"Green Apples, S/12",2.33,4.66,0,0,0,0,0,3/15/2019,3/15/2019,2/26/2019,0.73,FOOD,FRUIT,NONE,
NCRR0238,"Red Apples, S/12",2.33,4.66,0,0,0,0,0,4/17/2019,4/17/2019,2/6/2019,0.25,FOOD,FRUIT,NONE,
NCRR0242,"Oranges, S/12",2.33,4.66,0,0,0,0,9,2/28/2019,2/28/2019,2/6/2019,0.25,FOOD,FRUIT,NONE,
NCRR0243,Lemons S/12,2.33,4.66,0,0,0,0,18,2/27/2019,2/27/2019,2/6/2019,0.25,FOOD,FRUIT,NONE,
NCRR0245,Cookies S/12,3.49,6.98,0,0,0,0,9,2/28/2019,2/28/2019,2/6/2019,0.37,FOOD,DESSERT,NONE,
NCRR0252,Chocolate Covered Donuts S/12,4.37,8.74,0,0,0,0,12,2/6/2019,2/6/2019,2/6/2019,0.47,FOOD,DESSERT,NONE,
NCRR0256,Waffles S/12,4.36,8.72,0,0,0,0,10,12/21/2018,12/21/2018,11/20/2018,-1.01,FOOD,BREAKFAST,NONE,
NCRR0454,"Bananas, S/12",3.12,6.24,0,0,0,0,8,12/21/2018,12/21/2018,11/20/2018,-0.72,FOOD,FRUIT,NONE,
NCRR0455,Half Watermelons S/12,5.68,11.36,0,0,0,0,0,2/27/2019,2/13/2019,2/27/2019,0.61,FOOD,FRUIT,NONE,
NCRR0459,"Pears, S/12",2.33,4.66,0,0,0,0,12,2/27/2019,2/27/2019,2/6/2019,0.25,FOOD,FRUIT,NONE,
RND1,Biscuit & Jam,3,6,0,0,0,0,4,4/22/2015,4/22/2015,11/19/2014,0,FOOD,BREADS AND ROLLS,NONE,
RND10,"Brownies, Halloween, Vanilla",4.5,9,0,0,0,0,10,10/18/2017,10/18/2017,2/24/2015,0,FOOD,DESSERT,NONE,
RND100,Sticky Buns,4.5,9,0,0,0,0,2,4/19/2019,4/19/2019,11/19/2014,0,FOOD,BREAKFAST,NONE,
RND101,Strawberries N Chocolate,4.5,9,0,0,0,0,1,3/7/2019,3/7/2019,1/7/2016,0,FOOD,DESSERT,NONE,
RND102,Strawberries N Cream,4.5,9,0,0,0,0,5,2/7/2019,2/7/2019,2/16/2015,0,FOOD,DESSERT,NONE,
RND103,Strawberry Pie with Strawberries,2.5,5,0,0,0,0,4,2/4/2019,2/4/2019,12/24/2010,-0.05,FOOD,CAKES & PIES,NONE,
RND104,Sub,4.25,8.5,0,0,0,0,4,8/7/2018,8/7/2018,9/18/2009,0.75,FOOD,SANDWICHES,NONE,
RND105,Sweet Potatoes Side Dish,4,8,0,0,0,0,9,4/12/2019,4/12/2019,11/10/2014,0,FOOD,VEGETABLES,NONE,
RND106,Tacos,4.5,9,0,0,0,0,3,4/30/2019,4/30/2019,11/19/2014,0,FOOD,DINNER,NONE,
RND107,"Tarts, Blueberry",4.5,9,0,0,0,0,4,3/12/2019,3/12/2019,5/29/2015,0,FOOD,DESSERT,NONE,
RND108,"Tarts, Kiwi Strawberry",4.5,9,0,0,0,0,3,6/1/2016,6/1/2016,6/1/2016,0,FOOD,DESSERT,NONE,
RND109,"Dinner, Chicken with Butter",5,10,0,0,0,0,4,11/16/2018,11/16/2018,3/18/2011,0,FOOD,DINNER,NONE,
RND11,"Cake, German Chocolate",4.5,9,0,0,0,0,3,11/30/2018,11/30/2018,2/25/2012,0.5,FOOD,CAKES & PIES,NONE,
RND110,"Dinner, Chicken with Gravy",5,10,0,0,0,0,6,11/29/2016,11/29/2016,3/29/2011,0,FOOD,DINNER,NONE,
RND111,Corn On The Cob Side Dish,4,8,0,0,0,0,5,4/1/2019,4/1/2019,3/29/2011,0,FOOD,VEGETABLES,NONE,
RND114,Raspberry Swirl Dessert,2.5,5,,,,,0,2/13/2014,3/29/2011,3/29/2011,0,FOOD,DESSERT,NONE,
RND115,"Popsicle, Lime",1.25,2.5,0,0,0,0,1,2/1/2019,2/1/2019,3/29/2011,0,FOOD,DESSERT,NONE,
RND116,"Popsicle, Lemon",1.25,2.5,0,0,0,0,2,6/17/2016,6/17/2016,3/29/2011,0,FOOD,DESSERT,NONE,
RND117,"Popsicle, Grape",1.25,2.5,0,0,0,0,2,11/13/2018,11/13/2018,3/29/2011,0,FOOD,DESSERT,NONE,
RND118,"Popsicle, Orange",1.25,2.5,0,0,0,0,0,4/30/2019,4/30/2019,3/29/2011,0,FOOD,DESSERT,NONE,
RND119,"Popsicle, Chocolate",1.25,2.5,0,0,0,0,3,6/19/2018,6/19/2018,3/29/2011,0,FOOD,DESSERT,NONE,
RND12,"Cake, Ghost",4.5,9,0,0,0,0,4,11/7/2017,11/7/2017,2/14/2015,0,FOOD,CAKES & PIES,NONE,
RND120,"Pancakes, 1/2 Inch Scale",3,6,0,0,0,0,3,11/30/2018,11/30/2018,3/29/2011,0,FOOD,BREAKFAST,NONE,
RND121,"Pie, Strawberry Cream with Strawberry",4.5,9,0,0,0,0,2,1/14/2019,1/14/2019,3/29/2011,0,FOOD,CAKES & PIES,NONE,
RND122,"Cannolis, 1/2 Inch Scale",3,6,0,0,0,0,0,9/1/2018,9/1/2018,3/29/2011,0,FOOD,DESSERT,NONE,
RND123,"Cake, Jack O Lantern, 1/2 Inch Scale",3,6,0,0,0,0,2,3/10/2015,3/10/2015,3/29/2011,0,FOOD,HOLIDAY,NONE,
RND124,Enchilada Plate,4,8,0,0,0,0,3,7/28/2017,7/28/2017,3/29/2011,0,FOOD,DINNER,NONE,
RND126,Coffee And Donut Set,3,6,0,0,0,0,2,12/19/2018,12/19/2018,3/29/2011,0,FOOD,BREAKFAST,NONE,
RND127,"Popsicle, Orange, Melting",1.5,3,,,,,0,2/13/2014,3/29/2011,3/29/2011,0,FOOD,DESSERT,NONE,
RND128,"Popsicle, Grape, Melting",1.5,3,,,,,0,2/13/2014,3/29/2011,3/29/2011,0,FOOD,DESSERT,NONE,
RND129,"Popsicle, Lemon, Melting",1.5,3,,,,,0,2/13/2014,3/29/2011,3/29/2011,0,FOOD,DESSERT,NONE,
RND13,"Cake, Graveyard",4.5,9,,,,,3,2/13/2014,12/5/2012,,,FOOD,CAKES & PIES,NONE,
RND130,"Hot Dog Plate with Chips, 1/2",3,6,0,0,0,0,0,9/1/2018,9/1/2018,3/29/2011,0,FOOD,SANDWICHES,NONE,
RND131,"Tomatoes, Set Of 3",1.25,2.5,0,0,0,0,0,4/30/2019,4/30/2019,3/29/2011,0,FOOD,VEGETABLES,NONE,
RND132,"Mushrooms, Set Of 3",1.25,2.5,0,0,0,0,0,3/25/2019,3/25/2019,3/29/2011,0,FOOD,VEGETABLES,NONE,
RND133,"Ice Cream Cone, Chocolate",1.25,2.5,0,0,0,0,3,5/12/2018,5/12/2018,3/29/2011,0,FOOD,DESSERT,NONE,
RND134,Manicotti,4.5,9,0,0,0,0,11,8/18/2015,8/18/2015,3/29/2011,0,FOOD,DINNER,NONE,
RND135,Enchilada Platter,5,10,0,0,0,0,3,2/4/2019,2/4/2019,3/29/2011,0,FOOD,DINNER,NONE,
RND136,"Pretzel, Set Of 2",2.5,5,0,0,0,0,1,12/19/2018,12/19/2018,3/29/2011,0,FOOD,APPETIZERS,NONE,
RND139,Cucumber Sandwich Plate,3,6,0,0,0,0,1,12/17/2018,12/17/2018,3/29/2011,0,FOOD,SANDWICHES,NONE,
RND14,"Cake, Jack-O-Lantern",4.5,9,0,0,0,0,6,3/12/2019,3/12/2019,9/11/2015,0,FOOD,CAKES & PIES,NONE,
RND140,Chicken Dinner Platter,5.5,11,0,0,0,0,2,7/26/2018,7/26/2018,3/29/2011,0,FOOD,DINNER,NONE,
RND141,Waffle Plate with Blueberries,4,8,0,0,0,0,2,11/16/2018,11/16/2018,3/29/2011,0,FOOD,BREAKFAST,NONE,
RND142,Waffle Plate with Strawberries,4,8,0,0,0,0,2,3/15/2019,3/15/2019,3/29/2011,0,FOOD,BREAKFAST,NONE,
RND143,Waffle Plate with Butter,4.5,9,0,0,0,0,3,3/7/2019,3/7/2019,2/10/2015,-0.5,FOOD,BREAKFAST,NONE,
RND144,French Toast Plate,4.5,9,0,0,0,0,4,1/29/2019,1/29/2019,7/26/2011,0.5,FOOD,BREAKFAST,NONE,
RND145,"Lollipop, Set Of 3",1.25,2.5,0,0,0,0,3,4/30/2019,4/30/2019,3/29/2011,0,FOOD,CANDY,NONE,
RND146,"Cinnamon Bun, Set Of 2",2.5,5,0,0,0,0,1,11/27/2018,11/27/2018,3/29/2011,0,FOOD,DESSERT,NONE,
RND147,Watermelon Plate,3,6,0,0,0,0,13,3/7/2019,3/7/2019,7/26/2011,-1,FOOD,FRUIT,NONE,
RND15,"Cake, Kiwi Cherry",4.5,9,0,0,0,0,2,12/17/2018,12/17/2018,7/15/2015,0,FOOD,CAKES & PIES,NONE,
RND150,"Ice Cream Cone, Vanilla",1.25,2.5,0,0,0,0,4,2/4/2019,2/4/2019,3/29/2011,0,FOOD,DESSERT,NONE,
RND151,"Ice Cream Cone, Raspberry",1.25,2.5,0,0,0,0,3,7/10/2018,7/10/2018,3/29/2011,0,FOOD,DESSERT,NONE,
RND152,"Ice Cream Cone, Swirl",1.25,2.5,0,0,0,0,3,11/30/2018,11/30/2018,3/29/2011,0,FOOD,DESSERT,NONE,
RND153,Chocolate Swirl Dessert,2.5,5,0,0,0,0,2,9/20/2017,9/20/2017,3/29/2011,0,FOOD,DESSERT,NONE,
RND154,"Cheeseburger Plate with Fries, 1/2",3,6,0,0,0,0,1,3/25/2019,3/25/2019,3/29/2011,0,FOOD,SANDWICHES,NONE,
RND155,"Breakfast Plate, Scrambled, 1/2",3,6,0,0,0,0,6,3/12/2019,3/12/2019,3/29/2011,0,FOOD,BREAKFAST,NONE,
RND156,"Cake, Santa",4.5,9,0,0,0,0,1,9/5/2018,9/5/2018,3/29/2011,0,FOOD,HOLIDAY,NONE,
RND157,Waffle Plate with Ice Cream,4.5,9,0,0,0,0,5,11/30/2018,11/30/2018,7/26/2011,0.5,FOOD,DESSERT,NONE,
RND158,"Ice Cream Cone, Cookies & Cream",1.25,2.5,0,0,0,0,2,4/10/2018,4/10/2018,3/29/2011,0,FOOD,DESSERT,NONE,
RND159,Ice Cream Cone Mint Chip,1.25,2.5,0,0,0,0,0,3/15/2019,3/15/2019,3/29/2011,0,FOOD,DESSERT,NONE,
RND16,"Cake, Oreo Cherry",4.5,9,,,,,3,2/13/2014,3/15/2013,,,FOOD,CAKES & PIES,NONE,
RND160,Box Of Donuts,4.5,9,0,0,0,0,3,4/2/2019,4/2/2019,3/29/2011,0,FOOD,BREAKFAST,NONE,
RND162,"Popsicle, Melting, Chocolate",1.5,3,,,,,0,2/13/2014,3/29/2011,3/29/2011,0,FOOD,DESSERT,NONE,
RND163,"Popsicle, Melting, Lemon",1.5,3,,,,,0,2/13/2014,3/29/2011,3/29/2011,0,FOOD,DESSERT,NONE,
RND17,"Cake, Slice, Chocolate Strawberry",3,6,0,0,0,0,1,10/11/2018,10/11/2018,6/2/2015,0,FOOD,CAKES & PIES,NONE,
RND18,"Cake, Slice, German Chocolate",3,6,0,0,0,0,3,11/30/2018,11/30/2018,11/19/2014,0,FOOD,CAKES & PIES,NONE,
RND19,"Cake, Slice, Kiwi Cherry",3,6,0,0,0,0,5,5/30/2018,5/30/2018,7/15/2015,0,FOOD,CAKES & PIES,NONE,
RND2,Braided Bread (Set Of Two),1.1,2.2,0,0,0,0,13,4/30/2019,4/30/2019,11/10/2014,0,FOOD,BREADS AND ROLLS,NONE,
RND20,"Cake, Valentine, Pink",4.5,9,0,0,0,0,0,10/30/2018,10/30/2018,2/10/2015,0,FOOD,CAKES & PIES,NONE,
RND21,"Cake, Valentine, Red",4.5,9,0,0,0,0,5,2/18/2019,2/18/2019,1/20/2015,0,FOOD,CAKES & PIES,NONE,
RND22,"Cakes, Mini Hearts",4.5,9,0,0,0,0,3,1/14/2019,1/14/2019,2/7/2017,0,FOOD,CAKES & PIES,NONE,
RND23,California Medley Side Dish,4.5,9,0,0,0,0,0,10/30/2018,10/30/2018,11/10/2014,0,FOOD,VEGETABLES,NONE,
RND24,Cannolis,3,6,0,0,0,0,0,11/6/2018,11/6/2018,1/20/2015,0,FOOD,DESSERT,NONE,
RND25,"Cannolis, Chocolate",3,6,0,0,0,0,2,4/30/2019,4/30/2019,2/14/2015,0,FOOD,DESSERT,NONE,
RND26,Carrots Side Dish,4,8,0,0,0,0,4,4/23/2019,4/23/2019,11/19/2014,0,FOOD,VEGETABLES,NONE,
RND27,Cheeseburger Plate with Chips,4.5,9,0,0,0,0,2,3/25/2019,3/25/2019,11/19/2014,0,FOOD,SANDWICHES,NONE,
RND28,Cheeseburger Plate with Fries,4.5,9,0,0,0,0,5,3/25/2019,3/25/2019,11/20/2014,0,FOOD,SANDWICHES,NONE,
RND29,Cheeseburger Single,1.25,2.5,0,0,0,0,12,3/25/2019,3/25/2019,11/19/2014,0,FOOD,SANDWICHES,NONE,
RND3,Brain Platter Green,6.5,13,0,0,0,0,3,2/2/2018,2/2/2018,7/14/2015,0,FOOD,MISC,NONE,
RND30,Chip N Dip,4.5,9,0,0,0,0,1,4/22/2019,4/22/2019,2/14/2015,0,FOOD,APPETIZERS,NONE,
RND31,Chocolate Dipped Strawberries,4.5,9,0,0,0,0,6,2/4/2019,2/4/2019,3/16/2018,0,FOOD,DESSERT,NONE,
RND32,Christmas Bread,4.25,8.5,0,0,0,0,6,12/13/2014,12/13/2014,9/18/2009,0.75,FOOD,BREADS AND ROLLS,NONE,
RND34,Christmas Platter,4.5,9,0,0,0,0,3,1/14/2019,1/14/2019,11/10/2014,0,FOOD,DESSERT,NONE,
RND35,Christmas Pudding Victorian,4.5,9,0,0,0,0,2,11/27/2018,11/27/2018,11/18/2014,0,FOOD,DESSERT,NONE,
RND37,"Cupcakes, Chocolate",4.5,9,0,0,0,0,0,4/19/2019,4/19/2019,11/18/2014,0,FOOD,DESSERT,NONE,
RND38,"Cupcakes, Ghost",4.5,9,0,0,0,0,5,2/2/2018,2/2/2018,2/14/2015,0,FOOD,DESSERT,NONE,
RND39,"Cupcakes, Halloween",4.5,9,0,0,0,0,4,10/3/2017,10/3/2017,7/15/2015,0,FOOD,DESSERT,NONE,
RND4,Brain Platter Purple,6.5,13,0,0,0,0,3,2/2/2018,2/2/2018,11/15/2014,0,FOOD,MISC,NONE,
RND40,"Cupcakes, Halloween Mixed",4.5,9,0,0,0,0,7,3/20/2018,3/20/2018,10/3/2015,0,FOOD,DESSERT,NONE,
RND41,"Cupcakes, Harvest",4.5,9,0,0,0,0,1,10/9/2018,10/9/2018,1/20/2015,0,FOOD,DESSERT,NONE,
RND42,"Cupcakes, Mixed",4.5,9,0,0,0,0,4,3/7/2019,3/7/2019,11/18/2014,0,FOOD,DESSERT,NONE,
RND43,"Cupcakes, Patriotic",4.5,9,0,0,0,0,5,4/5/2019,4/5/2019,1/20/2015,0,FOOD,DESSERT,NONE,
RND44,"Cupcakes, St. Patrick'S",4.5,9,0,0,0,0,12,3/16/2018,3/16/2018,2/24/2016,0,FOOD,DESSERT,NONE,
RND45,"Cupcakes, Valentine",4.5,9,0,0,0,0,3,3/18/2019,3/18/2019,11/19/2014,0,FOOD,DESSERT,NONE,
RND46,"Cupcakes, Vanilla",4.5,9,,,,,2,2/13/2014,8/27/2014,,,FOOD,DESSERT,NONE,
RND47,Deviled Eggs,4.75,9.5,0,0,0,0,5,11/16/2018,11/16/2018,1/30/2015,0,FOOD,APPETIZERS,NONE,
RND48,"Dinner Plate, Beef",6,12,0,0,0,0,1,2/3/2017,2/3/2017,10/11/2016,0,FOOD,DINNER,NONE,
RND49,Donut Plate,4.5,9,0,0,0,0,0,10/11/2018,10/11/2018,11/19/2014,0,FOOD,DESSERT,NONE,
RND5,"Breakfast Plate, Scrambled Eggs",6,12,0,0,0,0,7,2/4/2019,2/4/2019,11/20/2014,0,FOOD,BREAKFAST,NONE,
RND50,Easter Egg Plate,4.5,9,0,0,0,0,12,4/9/2019,4/9/2019,11/19/2014,0,FOOD,MISC,NONE,
RND51,Eclairs Filled,4.5,9,0,0,0,0,2,7/17/2018,7/17/2018,1/20/2015,0,FOOD,DESSERT,NONE,
RND6,"Breakfast Plate, Sunny Side",6,12,0,0,0,0,7,2/4/2019,2/4/2019,11/20/2014,0,FOOD,BREAKFAST,NONE,
RND61,Green Beans Side Dish,4,8,0,0,0,0,12,3/25/2019,3/25/2019,11/12/2014,0,FOOD,VEGETABLES,NONE,
RND62,Halloween Platter,4.5,9,0,0,0,0,2,9/29/2018,9/29/2018,2/14/2015,0,FOOD,HOLIDAY,NONE,
RND63,Harvest Platter,6,12,0,0,0,0,2,4/1/2019,4/1/2019,12/13/2014,0,FOOD,HOLIDAY,NONE,
RND64,Harvest Platter Small,4.5,9,0,0,0,0,1,10/16/2018,10/16/2018,6/23/2015,0,FOOD,HOLIDAY,NONE,
RND65,Hotdog Plate with Chips,4.5,9,0,0,0,0,1,4/30/2019,4/30/2019,11/20/2014,0,FOOD,SANDWICHES,NONE,
RND66,Hotdog Plate with Fries,4.5,9,0,0,0,0,5,12/18/2018,12/18/2018,11/19/2014,0,FOOD,SANDWICHES,NONE,
RND67,Hotdog Single,1.25,2.5,0,0,0,0,6,2/4/2019,2/4/2019,12/9/2014,0,FOOD,SANDWICHES,NONE,
RND68,Mashed Potatoes Side Dish,4,8,0,0,0,0,2,4/1/2019,4/1/2019,11/10/2014,0,FOOD,VEGETABLES,NONE,
RND69,Nachos,4.5,9,0,0,0,0,0,4/2/2019,4/2/2019,2/28/2015,0,FOOD,APPETIZERS,NONE,
RND7,Broccoli Side Dish,4,8,0,0,0,0,1,4/9/2019,4/9/2019,12/11/2014,0,FOOD,VEGETABLES,NONE,
RND70,Oyster Platter,4.5,9,0,0,0,0,3,2/4/2019,2/4/2019,11/19/2014,0,FOOD,APPETIZERS,NONE,
RND71,Pancakes,4.5,9,0,0,0,0,1,11/16/2018,11/16/2018,11/20/2014,0,FOOD,BREAKFAST,NONE,
RND72,Peas & Carrots Side Dish,4,8,0,0,0,0,4,3/25/2019,3/25/2019,11/19/2014,0,FOOD,VEGETABLES,NONE,
RND73,Peas & Onions Side Dish,4,8,0,0,0,0,6,11/30/2018,11/30/2018,11/19/2014,0,FOOD,VEGETABLES,NONE,
RND74,Peeled Banana,1.25,2.5,0,0,0,0,12,3/25/2019,3/25/2019,4/22/2015,0,FOOD,FRUIT,NONE,
RND75,Pie Blueberry,4.5,9,0,0,0,0,6,2/4/2019,2/4/2019,2/7/2015,0,FOOD,CAKES & PIES,NONE,
RND76,Pie Cherry,4.5,9,0,0,0,0,2,3/22/2019,3/22/2019,11/19/2014,0,FOOD,CAKES & PIES,NONE,
RND77,Pie Chocolate Cream,4.5,9,0,0,0,0,2,4/21/2016,4/21/2016,3/24/2015,0,FOOD,CAKES & PIES,NONE,
RND78,Pie Key Lime,4.5,9,0,0,0,0,1,3/7/2019,3/7/2019,12/2/2014,0,FOOD,CAKES & PIES,NONE,
RND79,Pie Lemon Cream,4.5,9,0,0,0,0,4,7/6/2016,7/6/2016,2/10/2015,0,FOOD,CAKES & PIES,NONE,
RND8,"Brownies, Christmas",4.5,9,0,0,0,0,4,2/4/2019,2/4/2019,11/7/2014,0,FOOD,DESSERT,NONE,
RND80,Pie Meringue,4.5,9,0,0,0,0,1,3/1/2019,3/1/2019,3/6/2015,0,FOOD,CAKES & PIES,NONE,
RND81,Pie Patriotic,4.5,9,0,0,0,0,6,3/25/2019,3/25/2019,3/7/2015,0,FOOD,CAKES & PIES,NONE,
RND82,Pie Pumpkin,4.5,9,0,0,0,0,7,11/30/2018,11/30/2018,11/7/2014,0,FOOD,CAKES & PIES,NONE,
RND83,Pie Pumpkin Decorated,4.75,9.5,0,0,0,0,4,9/29/2018,9/29/2018,6/2/2015,0,FOOD,CAKES & PIES,NONE,
RND84,Pie Slice Chocolate,2.5,5,0,0,0,0,9,7/21/2018,7/21/2018,4/24/2015,0,FOOD,CAKES & PIES,NONE,
RND85,Pie Slice Key Lime,2.5,5,0,0,0,0,1,6/23/2017,6/23/2017,6/23/2017,0,FOOD,CAKES & PIES,NONE,
RND86,Pie Slice Lemon,2.5,5,0,0,0,0,12,6/21/2018,6/21/2018,7/15/2015,0,FOOD,CAKES & PIES,NONE,
RND87,Pie Slice Pumpkin,2.5,5,0,0,0,0,14,2/1/2019,2/1/2019,11/7/2014,0,FOOD,CAKES & PIES,NONE,
RND88,Pie Slice Strawberry,2.5,5,0,0,0,0,4,1/14/2019,1/14/2019,7/15/2015,0,FOOD,CAKES & PIES,NONE,
RND89,"Pie Slice, Lemon Meringue",2.5,5,0,0,0,0,5,4/9/2019,4/9/2019,11/19/2014,0,FOOD,CAKES & PIES,NONE,
RND9,"Brownines, Halloween, Choc",4.5,9,0,0,0,0,3,2/2/2018,2/2/2018,2/24/2015,0,FOOD,DESSERT,NONE,
RND90,Pie Strawberry Cream,4.5,9,0,0,0,0,3,3/1/2019,3/1/2019,12/7/2017,0,FOOD,CAKES & PIES,NONE,
RND91,"Pie, Kiwi",4.5,9,0,0,0,0,3,12/27/2017,12/27/2017,4/28/2017,0,FOOD,CAKES & PIES,NONE,
RND92,"Pie, Kiwi, Slice",2.5,5,0,0,0,0,0,12/18/2018,12/18/2018,1/7/2016,0,FOOD,CAKES & PIES,NONE,
RND93,"Popsicle, Red",1.25,2.5,0,0,0,0,3,2/4/2019,2/4/2019,7/23/2015,0,FOOD,DESSERT,NONE,
RND95,Pumpkin Platter,7,14,0,0,0,0,6,12/5/2018,12/5/2018,11/19/2014,0,FOOD,HOLIDAY,NONE,
RND96,Spaghetti,4.5,9,0,0,0,0,3,9/18/2018,9/18/2018,12/9/2014,0,FOOD,DINNER,NONE,
RND97,Spaghetti & Meatballs,4.55,9.1,0,0,0,0,6,4/22/2019,4/22/2019,12/24/2014,0,FOOD,DINNER,NONE,
RND99,Stew In Pot,5,10,0,0,0,0,7,3/13/2019,3/13/2019,11/19/2014,0,FOOD,SOUP,NONE,
TIN1060,Dark Chocolate Bars,2,4,0,0,0,0,2,1/4/2017,1/4/2017,2/10/2015,0,FOOD,CANDY,NONE,
TIN1061,Chocolate Bars,2,4,0,0,0,0,3,10/12/2017,10/12/2017,11/27/2014,0,FOOD,CANDY,NONE,
TIN1062,White Chocolate Bars,2,4,0,0,0,0,1,1/4/2017,1/4/2017,10/2/2016,0,FOOD,CANDY,NONE,
TIN1103,Butter Box,2,4,0,0,0,0,4,10/3/2018,10/3/2018,4/29/2015,0,FOOD,CONDIMENTS,NONE,
TIN1104,Cream Cheese Box,2,4,0,0,0,0,2,10/2/2016,4/29/2015,2/28/2015,0,FOOD,CONDIMENTS,NONE,
TIN1109,Korean Take Out Set,5.5,11,0,0,0,0,0,6/12/2018,6/12/2018,6/12/2018,0,FOOD,DINNER,NONE,
TIN1111,Sausage Package,2,4,0,0,0,0,1,10/2/2016,2/23/2016,3/6/2015,0,FOOD,BREAKFAST,NONE,
TIN1113,Waffles,2,4,0,0,0,0,4,5/17/2018,5/17/2018,12/4/2014,0,FOOD,BREAKFAST,NONE,
TIN1114,Peanut Brittle Box,2,4,0,0,0,0,0,1/29/2019,1/29/2019,11/27/2014,0,FOOD,CANDY,NONE,
TIN1116,Chinese Take Out Set,8,16,0,0,0,0,0,6/12/2018,6/12/2018,3/31/2010,2.5,FOOD,DINNER,NONE,
TIN1120,Cotton Candy,2,4,0,0,0,0,0,7/31/2018,7/31/2018,4/8/2011,0.75,FOOD,CANDY,NONE,8.19E+11
TIN3090,Red Skelton Biography,3.5,7,0,0,0,0,3,12/7/2016,12/7/2016,2/23/2016,0,FOOD,,,
WDST-47,Fruit-Apples & Oranges,2.99,4.99,0,0,0,0,5,1/21/2019,1/21/2019,12/15/2016,-0.12,FOOD,FRUIT,NONE,7.25E+11
